DateNum,Date,YearMonthNum,CalendarQuarter,MonthNum,MonthName,MonthShortName,WeekNum,DayNumOfYear,DayNumOfMonth,DayNumOfWeek,DayName,DayShortName,Quarter,YearQuarterNum,DayNumOfQuarter
19910101,1/1/1991,199101,Qtr 1,1,January,Jan,1,1,1,3,Tuesday,Tue,1,19911,1
19910102,1/2/1991,199101,Qtr 1,1,January,Jan,1,2,2,4,Wednesday,Wed,1,19911,2
19910103,1/3/1991,199101,Qtr 1,1,January,Jan,1,3,3,5,Thursday,Thu,1,19911,3
19910104,1/4/1991,199101,Qtr 1,1,January,Jan,1,4,4,6,Friday,Fri,1,19911,4
19910105,1/5/1991,199101,Qtr 1,1,January,Jan,1,5,5,7,Saturday,Sat,1,19911,5
19910106,1/6/1991,199101,Qtr 1,1,January,Jan,1,6,6,1,Sunday,Sun,1,19911,6
19910107,1/7/1991,199101,Qtr 1,1,January,Jan,2,7,7,2,Monday,Mon,1,19911,7
19910108,1/8/1991,199101,Qtr 1,1,January,Jan,2,8,8,3,Tuesday,Tue,1,19911,8
19910109,1/9/1991,199101,Qtr 1,1,January,Jan,2,9,9,4,Wednesday,Wed,1,19911,9
19910110,1/10/1991,199101,Qtr 1,1,January,Jan,2,10,10,5,Thursday,Thu,1,19911,10
19910111,1/11/1991,199101,Qtr 1,1,January,Jan,2,11,11,6,Friday,Fri,1,19911,11
19910112,1/12/1991,199101,Qtr 1,1,January,Jan,2,12,12,7,Saturday,Sat,1,19911,12
19910113,1/13/1991,199101,Qtr 1,1,January,Jan,2,13,13,1,Sunday,Sun,1,19911,13
19910114,1/14/1991,199101,Qtr 1,1,January,Jan,3,14,14,2,Monday,Mon,1,19911,14
19910115,1/15/1991,199101,Qtr 1,1,January,Jan,3,15,15,3,Tuesday,Tue,1,19911,15
19910116,1/16/1991,199101,Qtr 1,1,January,Jan,3,16,16,4,Wednesday,Wed,1,19911,16
19910117,1/17/1991,199101,Qtr 1,1,January,Jan,3,17,17,5,Thursday,Thu,1,19911,17
19910118,1/18/1991,199101,Qtr 1,1,January,Jan,3,18,18,6,Friday,Fri,1,19911,18
19910119,1/19/1991,199101,Qtr 1,1,January,Jan,3,19,19,7,Saturday,Sat,1,19911,19
19910120,1/20/1991,199101,Qtr 1,1,January,Jan,3,20,20,1,Sunday,Sun,1,19911,20
19910121,1/21/1991,199101,Qtr 1,1,January,Jan,4,21,21,2,Monday,Mon,1,19911,21
19910122,1/22/1991,199101,Qtr 1,1,January,Jan,4,22,22,3,Tuesday,Tue,1,19911,22
19910123,1/23/1991,199101,Qtr 1,1,January,Jan,4,23,23,4,Wednesday,Wed,1,19911,23
19910124,1/24/1991,199101,Qtr 1,1,January,Jan,4,24,24,5,Thursday,Thu,1,19911,24
19910125,1/25/1991,199101,Qtr 1,1,January,Jan,4,25,25,6,Friday,Fri,1,19911,25
19910126,1/26/1991,199101,Qtr 1,1,January,Jan,4,26,26,7,Saturday,Sat,1,19911,26
19910127,1/27/1991,199101,Qtr 1,1,January,Jan,4,27,27,1,Sunday,Sun,1,19911,27
19910128,1/28/1991,199101,Qtr 1,1,January,Jan,5,28,28,2,Monday,Mon,1,19911,28
19910129,1/29/1991,199101,Qtr 1,1,January,Jan,5,29,29,3,Tuesday,Tue,1,19911,29
19910130,1/30/1991,199101,Qtr 1,1,January,Jan,5,30,30,4,Wednesday,Wed,1,19911,30
19910131,1/31/1991,199101,Qtr 1,1,January,Jan,5,31,31,5,Thursday,Thu,1,19911,31
19910201,2/1/1991,199102,Qtr 1,2,February,Feb,5,32,1,6,Friday,Fri,1,19911,32
19910202,2/2/1991,199102,Qtr 1,2,February,Feb,5,33,2,7,Saturday,Sat,1,19911,33
19910203,2/3/1991,199102,Qtr 1,2,February,Feb,5,34,3,1,Sunday,Sun,1,19911,34
19910204,2/4/1991,199102,Qtr 1,2,February,Feb,6,35,4,2,Monday,Mon,1,19911,35
19910205,2/5/1991,199102,Qtr 1,2,February,Feb,6,36,5,3,Tuesday,Tue,1,19911,36
19910206,2/6/1991,199102,Qtr 1,2,February,Feb,6,37,6,4,Wednesday,Wed,1,19911,37
19910207,2/7/1991,199102,Qtr 1,2,February,Feb,6,38,7,5,Thursday,Thu,1,19911,38
19910208,2/8/1991,199102,Qtr 1,2,February,Feb,6,39,8,6,Friday,Fri,1,19911,39
19910209,2/9/1991,199102,Qtr 1,2,February,Feb,6,40,9,7,Saturday,Sat,1,19911,40
19910210,2/10/1991,199102,Qtr 1,2,February,Feb,6,41,10,1,Sunday,Sun,1,19911,41
19910211,2/11/1991,199102,Qtr 1,2,February,Feb,7,42,11,2,Monday,Mon,1,19911,42
19910212,2/12/1991,199102,Qtr 1,2,February,Feb,7,43,12,3,Tuesday,Tue,1,19911,43
19910213,2/13/1991,199102,Qtr 1,2,February,Feb,7,44,13,4,Wednesday,Wed,1,19911,44
19910214,2/14/1991,199102,Qtr 1,2,February,Feb,7,45,14,5,Thursday,Thu,1,19911,45
19910215,2/15/1991,199102,Qtr 1,2,February,Feb,7,46,15,6,Friday,Fri,1,19911,46
19910216,2/16/1991,199102,Qtr 1,2,February,Feb,7,47,16,7,Saturday,Sat,1,19911,47
19910217,2/17/1991,199102,Qtr 1,2,February,Feb,7,48,17,1,Sunday,Sun,1,19911,48
19910218,2/18/1991,199102,Qtr 1,2,February,Feb,8,49,18,2,Monday,Mon,1,19911,49
19910219,2/19/1991,199102,Qtr 1,2,February,Feb,8,50,19,3,Tuesday,Tue,1,19911,50
19910220,2/20/1991,199102,Qtr 1,2,February,Feb,8,51,20,4,Wednesday,Wed,1,19911,51
19910221,2/21/1991,199102,Qtr 1,2,February,Feb,8,52,21,5,Thursday,Thu,1,19911,52
19910222,2/22/1991,199102,Qtr 1,2,February,Feb,8,53,22,6,Friday,Fri,1,19911,53
19910223,2/23/1991,199102,Qtr 1,2,February,Feb,8,54,23,7,Saturday,Sat,1,19911,54
19910224,2/24/1991,199102,Qtr 1,2,February,Feb,8,55,24,1,Sunday,Sun,1,19911,55
19910225,2/25/1991,199102,Qtr 1,2,February,Feb,9,56,25,2,Monday,Mon,1,19911,56
19910226,2/26/1991,199102,Qtr 1,2,February,Feb,9,57,26,3,Tuesday,Tue,1,19911,57
19910227,2/27/1991,199102,Qtr 1,2,February,Feb,9,58,27,4,Wednesday,Wed,1,19911,58
19910228,2/28/1991,199102,Qtr 1,2,February,Feb,9,59,28,5,Thursday,Thu,1,19911,59
19910301,3/1/1991,199103,Qtr 1,3,March,Mar,9,60,1,6,Friday,Fri,1,19911,60
19910302,3/2/1991,199103,Qtr 1,3,March,Mar,9,61,2,7,Saturday,Sat,1,19911,61
19910303,3/3/1991,199103,Qtr 1,3,March,Mar,9,62,3,1,Sunday,Sun,1,19911,62
19910304,3/4/1991,199103,Qtr 1,3,March,Mar,10,63,4,2,Monday,Mon,1,19911,63
19910305,3/5/1991,199103,Qtr 1,3,March,Mar,10,64,5,3,Tuesday,Tue,1,19911,64
19910306,3/6/1991,199103,Qtr 1,3,March,Mar,10,65,6,4,Wednesday,Wed,1,19911,65
19910307,3/7/1991,199103,Qtr 1,3,March,Mar,10,66,7,5,Thursday,Thu,1,19911,66
19910308,3/8/1991,199103,Qtr 1,3,March,Mar,10,67,8,6,Friday,Fri,1,19911,67
19910309,3/9/1991,199103,Qtr 1,3,March,Mar,10,68,9,7,Saturday,Sat,1,19911,68
19910310,3/10/1991,199103,Qtr 1,3,March,Mar,10,69,10,1,Sunday,Sun,1,19911,69
19910311,3/11/1991,199103,Qtr 1,3,March,Mar,11,70,11,2,Monday,Mon,1,19911,70
19910312,3/12/1991,199103,Qtr 1,3,March,Mar,11,71,12,3,Tuesday,Tue,1,19911,71
19910313,3/13/1991,199103,Qtr 1,3,March,Mar,11,72,13,4,Wednesday,Wed,1,19911,72
19910314,3/14/1991,199103,Qtr 1,3,March,Mar,11,73,14,5,Thursday,Thu,1,19911,73
19910315,3/15/1991,199103,Qtr 1,3,March,Mar,11,74,15,6,Friday,Fri,1,19911,74
19910316,3/16/1991,199103,Qtr 1,3,March,Mar,11,75,16,7,Saturday,Sat,1,19911,75
19910317,3/17/1991,199103,Qtr 1,3,March,Mar,11,76,17,1,Sunday,Sun,1,19911,76
19910318,3/18/1991,199103,Qtr 1,3,March,Mar,12,77,18,2,Monday,Mon,1,19911,77
19910319,3/19/1991,199103,Qtr 1,3,March,Mar,12,78,19,3,Tuesday,Tue,1,19911,78
19910320,3/20/1991,199103,Qtr 1,3,March,Mar,12,79,20,4,Wednesday,Wed,1,19911,79
19910321,3/21/1991,199103,Qtr 1,3,March,Mar,12,80,21,5,Thursday,Thu,1,19911,80
19910322,3/22/1991,199103,Qtr 1,3,March,Mar,12,81,22,6,Friday,Fri,1,19911,81
19910323,3/23/1991,199103,Qtr 1,3,March,Mar,12,82,23,7,Saturday,Sat,1,19911,82
19910324,3/24/1991,199103,Qtr 1,3,March,Mar,12,83,24,1,Sunday,Sun,1,19911,83
19910325,3/25/1991,199103,Qtr 1,3,March,Mar,13,84,25,2,Monday,Mon,1,19911,84
19910326,3/26/1991,199103,Qtr 1,3,March,Mar,13,85,26,3,Tuesday,Tue,1,19911,85
19910327,3/27/1991,199103,Qtr 1,3,March,Mar,13,86,27,4,Wednesday,Wed,1,19911,86
19910328,3/28/1991,199103,Qtr 1,3,March,Mar,13,87,28,5,Thursday,Thu,1,19911,87
19910329,3/29/1991,199103,Qtr 1,3,March,Mar,13,88,29,6,Friday,Fri,1,19911,88
19910330,3/30/1991,199103,Qtr 1,3,March,Mar,13,89,30,7,Saturday,Sat,1,19911,89
19910331,3/31/1991,199103,Qtr 1,3,March,Mar,13,90,31,1,Sunday,Sun,1,19911,90
19910401,4/1/1991,199104,Qtr 2,4,April,Apr,14,91,1,2,Monday,Mon,2,19912,1
19910402,4/2/1991,199104,Qtr 2,4,April,Apr,14,92,2,3,Tuesday,Tue,2,19912,2
19910403,4/3/1991,199104,Qtr 2,4,April,Apr,14,93,3,4,Wednesday,Wed,2,19912,3
19910404,4/4/1991,199104,Qtr 2,4,April,Apr,14,94,4,5,Thursday,Thu,2,19912,4
19910405,4/5/1991,199104,Qtr 2,4,April,Apr,14,95,5,6,Friday,Fri,2,19912,5
19910406,4/6/1991,199104,Qtr 2,4,April,Apr,14,96,6,7,Saturday,Sat,2,19912,6
19910407,4/7/1991,199104,Qtr 2,4,April,Apr,14,97,7,1,Sunday,Sun,2,19912,7
19910408,4/8/1991,199104,Qtr 2,4,April,Apr,15,98,8,2,Monday,Mon,2,19912,8
19910409,4/9/1991,199104,Qtr 2,4,April,Apr,15,99,9,3,Tuesday,Tue,2,19912,9
19910410,4/10/1991,199104,Qtr 2,4,April,Apr,15,100,10,4,Wednesday,Wed,2,19912,10
19910411,4/11/1991,199104,Qtr 2,4,April,Apr,15,101,11,5,Thursday,Thu,2,19912,11
19910412,4/12/1991,199104,Qtr 2,4,April,Apr,15,102,12,6,Friday,Fri,2,19912,12
19910413,4/13/1991,199104,Qtr 2,4,April,Apr,15,103,13,7,Saturday,Sat,2,19912,13
19910414,4/14/1991,199104,Qtr 2,4,April,Apr,15,104,14,1,Sunday,Sun,2,19912,14
19910415,4/15/1991,199104,Qtr 2,4,April,Apr,16,105,15,2,Monday,Mon,2,19912,15
19910416,4/16/1991,199104,Qtr 2,4,April,Apr,16,106,16,3,Tuesday,Tue,2,19912,16
19910417,4/17/1991,199104,Qtr 2,4,April,Apr,16,107,17,4,Wednesday,Wed,2,19912,17
19910418,4/18/1991,199104,Qtr 2,4,April,Apr,16,108,18,5,Thursday,Thu,2,19912,18
19910419,4/19/1991,199104,Qtr 2,4,April,Apr,16,109,19,6,Friday,Fri,2,19912,19
19910420,4/20/1991,199104,Qtr 2,4,April,Apr,16,110,20,7,Saturday,Sat,2,19912,20
19910421,4/21/1991,199104,Qtr 2,4,April,Apr,16,111,21,1,Sunday,Sun,2,19912,21
19910422,4/22/1991,199104,Qtr 2,4,April,Apr,17,112,22,2,Monday,Mon,2,19912,22
19910423,4/23/1991,199104,Qtr 2,4,April,Apr,17,113,23,3,Tuesday,Tue,2,19912,23
19910424,4/24/1991,199104,Qtr 2,4,April,Apr,17,114,24,4,Wednesday,Wed,2,19912,24
19910425,4/25/1991,199104,Qtr 2,4,April,Apr,17,115,25,5,Thursday,Thu,2,19912,25
19910426,4/26/1991,199104,Qtr 2,4,April,Apr,17,116,26,6,Friday,Fri,2,19912,26
19910427,4/27/1991,199104,Qtr 2,4,April,Apr,17,117,27,7,Saturday,Sat,2,19912,27
19910428,4/28/1991,199104,Qtr 2,4,April,Apr,17,118,28,1,Sunday,Sun,2,19912,28
19910429,4/29/1991,199104,Qtr 2,4,April,Apr,18,119,29,2,Monday,Mon,2,19912,29
19910430,4/30/1991,199104,Qtr 2,4,April,Apr,18,120,30,3,Tuesday,Tue,2,19912,30
19910501,5/1/1991,199105,Qtr 2,5,May,May,18,121,1,4,Wednesday,Wed,2,19912,31
19910502,5/2/1991,199105,Qtr 2,5,May,May,18,122,2,5,Thursday,Thu,2,19912,32
19910503,5/3/1991,199105,Qtr 2,5,May,May,18,123,3,6,Friday,Fri,2,19912,33
19910504,5/4/1991,199105,Qtr 2,5,May,May,18,124,4,7,Saturday,Sat,2,19912,34
19910505,5/5/1991,199105,Qtr 2,5,May,May,18,125,5,1,Sunday,Sun,2,19912,35
19910506,5/6/1991,199105,Qtr 2,5,May,May,19,126,6,2,Monday,Mon,2,19912,36
19910507,5/7/1991,199105,Qtr 2,5,May,May,19,127,7,3,Tuesday,Tue,2,19912,37
19910508,5/8/1991,199105,Qtr 2,5,May,May,19,128,8,4,Wednesday,Wed,2,19912,38
19910509,5/9/1991,199105,Qtr 2,5,May,May,19,129,9,5,Thursday,Thu,2,19912,39
19910510,5/10/1991,199105,Qtr 2,5,May,May,19,130,10,6,Friday,Fri,2,19912,40
19910511,5/11/1991,199105,Qtr 2,5,May,May,19,131,11,7,Saturday,Sat,2,19912,41
19910512,5/12/1991,199105,Qtr 2,5,May,May,19,132,12,1,Sunday,Sun,2,19912,42
19910513,5/13/1991,199105,Qtr 2,5,May,May,20,133,13,2,Monday,Mon,2,19912,43
19910514,5/14/1991,199105,Qtr 2,5,May,May,20,134,14,3,Tuesday,Tue,2,19912,44
19910515,5/15/1991,199105,Qtr 2,5,May,May,20,135,15,4,Wednesday,Wed,2,19912,45
19910516,5/16/1991,199105,Qtr 2,5,May,May,20,136,16,5,Thursday,Thu,2,19912,46
19910517,5/17/1991,199105,Qtr 2,5,May,May,20,137,17,6,Friday,Fri,2,19912,47
19910518,5/18/1991,199105,Qtr 2,5,May,May,20,138,18,7,Saturday,Sat,2,19912,48
19910519,5/19/1991,199105,Qtr 2,5,May,May,20,139,19,1,Sunday,Sun,2,19912,49
19910520,5/20/1991,199105,Qtr 2,5,May,May,21,140,20,2,Monday,Mon,2,19912,50
19910521,5/21/1991,199105,Qtr 2,5,May,May,21,141,21,3,Tuesday,Tue,2,19912,51
19910522,5/22/1991,199105,Qtr 2,5,May,May,21,142,22,4,Wednesday,Wed,2,19912,52
19910523,5/23/1991,199105,Qtr 2,5,May,May,21,143,23,5,Thursday,Thu,2,19912,53
19910524,5/24/1991,199105,Qtr 2,5,May,May,21,144,24,6,Friday,Fri,2,19912,54
19910525,5/25/1991,199105,Qtr 2,5,May,May,21,145,25,7,Saturday,Sat,2,19912,55
19910526,5/26/1991,199105,Qtr 2,5,May,May,21,146,26,1,Sunday,Sun,2,19912,56
19910527,5/27/1991,199105,Qtr 2,5,May,May,22,147,27,2,Monday,Mon,2,19912,57
19910528,5/28/1991,199105,Qtr 2,5,May,May,22,148,28,3,Tuesday,Tue,2,19912,58
19910529,5/29/1991,199105,Qtr 2,5,May,May,22,149,29,4,Wednesday,Wed,2,19912,59
19910530,5/30/1991,199105,Qtr 2,5,May,May,22,150,30,5,Thursday,Thu,2,19912,60
19910531,5/31/1991,199105,Qtr 2,5,May,May,22,151,31,6,Friday,Fri,2,19912,61
19910601,6/1/1991,199106,Qtr 2,6,June,Jun,22,152,1,7,Saturday,Sat,2,19912,62
19910602,6/2/1991,199106,Qtr 2,6,June,Jun,22,153,2,1,Sunday,Sun,2,19912,63
19910603,6/3/1991,199106,Qtr 2,6,June,Jun,23,154,3,2,Monday,Mon,2,19912,64
19910604,6/4/1991,199106,Qtr 2,6,June,Jun,23,155,4,3,Tuesday,Tue,2,19912,65
19910605,6/5/1991,199106,Qtr 2,6,June,Jun,23,156,5,4,Wednesday,Wed,2,19912,66
19910606,6/6/1991,199106,Qtr 2,6,June,Jun,23,157,6,5,Thursday,Thu,2,19912,67
19910607,6/7/1991,199106,Qtr 2,6,June,Jun,23,158,7,6,Friday,Fri,2,19912,68
19910608,6/8/1991,199106,Qtr 2,6,June,Jun,23,159,8,7,Saturday,Sat,2,19912,69
19910609,6/9/1991,199106,Qtr 2,6,June,Jun,23,160,9,1,Sunday,Sun,2,19912,70
19910610,6/10/1991,199106,Qtr 2,6,June,Jun,24,161,10,2,Monday,Mon,2,19912,71
19910611,6/11/1991,199106,Qtr 2,6,June,Jun,24,162,11,3,Tuesday,Tue,2,19912,72
19910612,6/12/1991,199106,Qtr 2,6,June,Jun,24,163,12,4,Wednesday,Wed,2,19912,73
19910613,6/13/1991,199106,Qtr 2,6,June,Jun,24,164,13,5,Thursday,Thu,2,19912,74
19910614,6/14/1991,199106,Qtr 2,6,June,Jun,24,165,14,6,Friday,Fri,2,19912,75
19910615,6/15/1991,199106,Qtr 2,6,June,Jun,24,166,15,7,Saturday,Sat,2,19912,76
19910616,6/16/1991,199106,Qtr 2,6,June,Jun,24,167,16,1,Sunday,Sun,2,19912,77
19910617,6/17/1991,199106,Qtr 2,6,June,Jun,25,168,17,2,Monday,Mon,2,19912,78
19910618,6/18/1991,199106,Qtr 2,6,June,Jun,25,169,18,3,Tuesday,Tue,2,19912,79
19910619,6/19/1991,199106,Qtr 2,6,June,Jun,25,170,19,4,Wednesday,Wed,2,19912,80
19910620,6/20/1991,199106,Qtr 2,6,June,Jun,25,171,20,5,Thursday,Thu,2,19912,81
19910621,6/21/1991,199106,Qtr 2,6,June,Jun,25,172,21,6,Friday,Fri,2,19912,82
19910622,6/22/1991,199106,Qtr 2,6,June,Jun,25,173,22,7,Saturday,Sat,2,19912,83
19910623,6/23/1991,199106,Qtr 2,6,June,Jun,25,174,23,1,Sunday,Sun,2,19912,84
19910624,6/24/1991,199106,Qtr 2,6,June,Jun,26,175,24,2,Monday,Mon,2,19912,85
19910625,6/25/1991,199106,Qtr 2,6,June,Jun,26,176,25,3,Tuesday,Tue,2,19912,86
19910626,6/26/1991,199106,Qtr 2,6,June,Jun,26,177,26,4,Wednesday,Wed,2,19912,87
19910627,6/27/1991,199106,Qtr 2,6,June,Jun,26,178,27,5,Thursday,Thu,2,19912,88
19910628,6/28/1991,199106,Qtr 2,6,June,Jun,26,179,28,6,Friday,Fri,2,19912,89
19910629,6/29/1991,199106,Qtr 2,6,June,Jun,26,180,29,7,Saturday,Sat,2,19912,90
19910630,6/30/1991,199106,Qtr 2,6,June,Jun,26,181,30,1,Sunday,Sun,2,19912,91
19910701,7/1/1991,199107,Qtr 3,7,July,Jul,27,182,1,2,Monday,Mon,3,19913,1
19910702,7/2/1991,199107,Qtr 3,7,July,Jul,27,183,2,3,Tuesday,Tue,3,19913,2
19910703,7/3/1991,199107,Qtr 3,7,July,Jul,27,184,3,4,Wednesday,Wed,3,19913,3
19910704,7/4/1991,199107,Qtr 3,7,July,Jul,27,185,4,5,Thursday,Thu,3,19913,4
19910705,7/5/1991,199107,Qtr 3,7,July,Jul,27,186,5,6,Friday,Fri,3,19913,5
19910706,7/6/1991,199107,Qtr 3,7,July,Jul,27,187,6,7,Saturday,Sat,3,19913,6
19910707,7/7/1991,199107,Qtr 3,7,July,Jul,27,188,7,1,Sunday,Sun,3,19913,7
19910708,7/8/1991,199107,Qtr 3,7,July,Jul,28,189,8,2,Monday,Mon,3,19913,8
19910709,7/9/1991,199107,Qtr 3,7,July,Jul,28,190,9,3,Tuesday,Tue,3,19913,9
19910710,7/10/1991,199107,Qtr 3,7,July,Jul,28,191,10,4,Wednesday,Wed,3,19913,10
19910711,7/11/1991,199107,Qtr 3,7,July,Jul,28,192,11,5,Thursday,Thu,3,19913,11
19910712,7/12/1991,199107,Qtr 3,7,July,Jul,28,193,12,6,Friday,Fri,3,19913,12
19910713,7/13/1991,199107,Qtr 3,7,July,Jul,28,194,13,7,Saturday,Sat,3,19913,13
19910714,7/14/1991,199107,Qtr 3,7,July,Jul,28,195,14,1,Sunday,Sun,3,19913,14
19910715,7/15/1991,199107,Qtr 3,7,July,Jul,29,196,15,2,Monday,Mon,3,19913,15
19910716,7/16/1991,199107,Qtr 3,7,July,Jul,29,197,16,3,Tuesday,Tue,3,19913,16
19910717,7/17/1991,199107,Qtr 3,7,July,Jul,29,198,17,4,Wednesday,Wed,3,19913,17
19910718,7/18/1991,199107,Qtr 3,7,July,Jul,29,199,18,5,Thursday,Thu,3,19913,18
19910719,7/19/1991,199107,Qtr 3,7,July,Jul,29,200,19,6,Friday,Fri,3,19913,19
19910720,7/20/1991,199107,Qtr 3,7,July,Jul,29,201,20,7,Saturday,Sat,3,19913,20
19910721,7/21/1991,199107,Qtr 3,7,July,Jul,29,202,21,1,Sunday,Sun,3,19913,21
19910722,7/22/1991,199107,Qtr 3,7,July,Jul,30,203,22,2,Monday,Mon,3,19913,22
19910723,7/23/1991,199107,Qtr 3,7,July,Jul,30,204,23,3,Tuesday,Tue,3,19913,23
19910724,7/24/1991,199107,Qtr 3,7,July,Jul,30,205,24,4,Wednesday,Wed,3,19913,24
19910725,7/25/1991,199107,Qtr 3,7,July,Jul,30,206,25,5,Thursday,Thu,3,19913,25
19910726,7/26/1991,199107,Qtr 3,7,July,Jul,30,207,26,6,Friday,Fri,3,19913,26
19910727,7/27/1991,199107,Qtr 3,7,July,Jul,30,208,27,7,Saturday,Sat,3,19913,27
19910728,7/28/1991,199107,Qtr 3,7,July,Jul,30,209,28,1,Sunday,Sun,3,19913,28
19910729,7/29/1991,199107,Qtr 3,7,July,Jul,31,210,29,2,Monday,Mon,3,19913,29
19910730,7/30/1991,199107,Qtr 3,7,July,Jul,31,211,30,3,Tuesday,Tue,3,19913,30
19910731,7/31/1991,199107,Qtr 3,7,July,Jul,31,212,31,4,Wednesday,Wed,3,19913,31
19910801,8/1/1991,199108,Qtr 3,8,August,Aug,31,213,1,5,Thursday,Thu,3,19913,32
19910802,8/2/1991,199108,Qtr 3,8,August,Aug,31,214,2,6,Friday,Fri,3,19913,33
19910803,8/3/1991,199108,Qtr 3,8,August,Aug,31,215,3,7,Saturday,Sat,3,19913,34
19910804,8/4/1991,199108,Qtr 3,8,August,Aug,31,216,4,1,Sunday,Sun,3,19913,35
19910805,8/5/1991,199108,Qtr 3,8,August,Aug,32,217,5,2,Monday,Mon,3,19913,36
19910806,8/6/1991,199108,Qtr 3,8,August,Aug,32,218,6,3,Tuesday,Tue,3,19913,37
19910807,8/7/1991,199108,Qtr 3,8,August,Aug,32,219,7,4,Wednesday,Wed,3,19913,38
19910808,8/8/1991,199108,Qtr 3,8,August,Aug,32,220,8,5,Thursday,Thu,3,19913,39
19910809,8/9/1991,199108,Qtr 3,8,August,Aug,32,221,9,6,Friday,Fri,3,19913,40
19910810,8/10/1991,199108,Qtr 3,8,August,Aug,32,222,10,7,Saturday,Sat,3,19913,41
19910811,8/11/1991,199108,Qtr 3,8,August,Aug,32,223,11,1,Sunday,Sun,3,19913,42
19910812,8/12/1991,199108,Qtr 3,8,August,Aug,33,224,12,2,Monday,Mon,3,19913,43
19910813,8/13/1991,199108,Qtr 3,8,August,Aug,33,225,13,3,Tuesday,Tue,3,19913,44
19910814,8/14/1991,199108,Qtr 3,8,August,Aug,33,226,14,4,Wednesday,Wed,3,19913,45
19910815,8/15/1991,199108,Qtr 3,8,August,Aug,33,227,15,5,Thursday,Thu,3,19913,46
19910816,8/16/1991,199108,Qtr 3,8,August,Aug,33,228,16,6,Friday,Fri,3,19913,47
19910817,8/17/1991,199108,Qtr 3,8,August,Aug,33,229,17,7,Saturday,Sat,3,19913,48
19910818,8/18/1991,199108,Qtr 3,8,August,Aug,33,230,18,1,Sunday,Sun,3,19913,49
19910819,8/19/1991,199108,Qtr 3,8,August,Aug,34,231,19,2,Monday,Mon,3,19913,50
19910820,8/20/1991,199108,Qtr 3,8,August,Aug,34,232,20,3,Tuesday,Tue,3,19913,51
19910821,8/21/1991,199108,Qtr 3,8,August,Aug,34,233,21,4,Wednesday,Wed,3,19913,52
19910822,8/22/1991,199108,Qtr 3,8,August,Aug,34,234,22,5,Thursday,Thu,3,19913,53
19910823,8/23/1991,199108,Qtr 3,8,August,Aug,34,235,23,6,Friday,Fri,3,19913,54
19910824,8/24/1991,199108,Qtr 3,8,August,Aug,34,236,24,7,Saturday,Sat,3,19913,55
19910825,8/25/1991,199108,Qtr 3,8,August,Aug,34,237,25,1,Sunday,Sun,3,19913,56
19910826,8/26/1991,199108,Qtr 3,8,August,Aug,35,238,26,2,Monday,Mon,3,19913,57
19910827,8/27/1991,199108,Qtr 3,8,August,Aug,35,239,27,3,Tuesday,Tue,3,19913,58
19910828,8/28/1991,199108,Qtr 3,8,August,Aug,35,240,28,4,Wednesday,Wed,3,19913,59
19910829,8/29/1991,199108,Qtr 3,8,August,Aug,35,241,29,5,Thursday,Thu,3,19913,60
19910830,8/30/1991,199108,Qtr 3,8,August,Aug,35,242,30,6,Friday,Fri,3,19913,61
19910831,8/31/1991,199108,Qtr 3,8,August,Aug,35,243,31,7,Saturday,Sat,3,19913,62
19910901,9/1/1991,199109,Qtr 3,9,September,Sep,35,244,1,1,Sunday,Sun,3,19913,63
19910902,9/2/1991,199109,Qtr 3,9,September,Sep,36,245,2,2,Monday,Mon,3,19913,64
19910903,9/3/1991,199109,Qtr 3,9,September,Sep,36,246,3,3,Tuesday,Tue,3,19913,65
19910904,9/4/1991,199109,Qtr 3,9,September,Sep,36,247,4,4,Wednesday,Wed,3,19913,66
19910905,9/5/1991,199109,Qtr 3,9,September,Sep,36,248,5,5,Thursday,Thu,3,19913,67
19910906,9/6/1991,199109,Qtr 3,9,September,Sep,36,249,6,6,Friday,Fri,3,19913,68
19910907,9/7/1991,199109,Qtr 3,9,September,Sep,36,250,7,7,Saturday,Sat,3,19913,69
19910908,9/8/1991,199109,Qtr 3,9,September,Sep,36,251,8,1,Sunday,Sun,3,19913,70
19910909,9/9/1991,199109,Qtr 3,9,September,Sep,37,252,9,2,Monday,Mon,3,19913,71
19910910,9/10/1991,199109,Qtr 3,9,September,Sep,37,253,10,3,Tuesday,Tue,3,19913,72
19910911,9/11/1991,199109,Qtr 3,9,September,Sep,37,254,11,4,Wednesday,Wed,3,19913,73
19910912,9/12/1991,199109,Qtr 3,9,September,Sep,37,255,12,5,Thursday,Thu,3,19913,74
19910913,9/13/1991,199109,Qtr 3,9,September,Sep,37,256,13,6,Friday,Fri,3,19913,75
19910914,9/14/1991,199109,Qtr 3,9,September,Sep,37,257,14,7,Saturday,Sat,3,19913,76
19910915,9/15/1991,199109,Qtr 3,9,September,Sep,37,258,15,1,Sunday,Sun,3,19913,77
19910916,9/16/1991,199109,Qtr 3,9,September,Sep,38,259,16,2,Monday,Mon,3,19913,78
19910917,9/17/1991,199109,Qtr 3,9,September,Sep,38,260,17,3,Tuesday,Tue,3,19913,79
19910918,9/18/1991,199109,Qtr 3,9,September,Sep,38,261,18,4,Wednesday,Wed,3,19913,80
19910919,9/19/1991,199109,Qtr 3,9,September,Sep,38,262,19,5,Thursday,Thu,3,19913,81
19910920,9/20/1991,199109,Qtr 3,9,September,Sep,38,263,20,6,Friday,Fri,3,19913,82
19910921,9/21/1991,199109,Qtr 3,9,September,Sep,38,264,21,7,Saturday,Sat,3,19913,83
19910922,9/22/1991,199109,Qtr 3,9,September,Sep,38,265,22,1,Sunday,Sun,3,19913,84
19910923,9/23/1991,199109,Qtr 3,9,September,Sep,39,266,23,2,Monday,Mon,3,19913,85
19910924,9/24/1991,199109,Qtr 3,9,September,Sep,39,267,24,3,Tuesday,Tue,3,19913,86
19910925,9/25/1991,199109,Qtr 3,9,September,Sep,39,268,25,4,Wednesday,Wed,3,19913,87
19910926,9/26/1991,199109,Qtr 3,9,September,Sep,39,269,26,5,Thursday,Thu,3,19913,88
19910927,9/27/1991,199109,Qtr 3,9,September,Sep,39,270,27,6,Friday,Fri,3,19913,89
19910928,9/28/1991,199109,Qtr 3,9,September,Sep,39,271,28,7,Saturday,Sat,3,19913,90
19910929,9/29/1991,199109,Qtr 3,9,September,Sep,39,272,29,1,Sunday,Sun,3,19913,91
19910930,9/30/1991,199109,Qtr 3,9,September,Sep,40,273,30,2,Monday,Mon,3,19913,92
19911001,10/1/1991,199110,Qtr 4,10,October,Oct,40,274,1,3,Tuesday,Tue,4,19914,1
19911002,10/2/1991,199110,Qtr 4,10,October,Oct,40,275,2,4,Wednesday,Wed,4,19914,2
19911003,10/3/1991,199110,Qtr 4,10,October,Oct,40,276,3,5,Thursday,Thu,4,19914,3
19911004,10/4/1991,199110,Qtr 4,10,October,Oct,40,277,4,6,Friday,Fri,4,19914,4
19911005,10/5/1991,199110,Qtr 4,10,October,Oct,40,278,5,7,Saturday,Sat,4,19914,5
19911006,10/6/1991,199110,Qtr 4,10,October,Oct,40,279,6,1,Sunday,Sun,4,19914,6
19911007,10/7/1991,199110,Qtr 4,10,October,Oct,41,280,7,2,Monday,Mon,4,19914,7
19911008,10/8/1991,199110,Qtr 4,10,October,Oct,41,281,8,3,Tuesday,Tue,4,19914,8
19911009,10/9/1991,199110,Qtr 4,10,October,Oct,41,282,9,4,Wednesday,Wed,4,19914,9
19911010,10/10/1991,199110,Qtr 4,10,October,Oct,41,283,10,5,Thursday,Thu,4,19914,10
19911011,10/11/1991,199110,Qtr 4,10,October,Oct,41,284,11,6,Friday,Fri,4,19914,11
19911012,10/12/1991,199110,Qtr 4,10,October,Oct,41,285,12,7,Saturday,Sat,4,19914,12
19911013,10/13/1991,199110,Qtr 4,10,October,Oct,41,286,13,1,Sunday,Sun,4,19914,13
19911014,10/14/1991,199110,Qtr 4,10,October,Oct,42,287,14,2,Monday,Mon,4,19914,14
19911015,10/15/1991,199110,Qtr 4,10,October,Oct,42,288,15,3,Tuesday,Tue,4,19914,15
19911016,10/16/1991,199110,Qtr 4,10,October,Oct,42,289,16,4,Wednesday,Wed,4,19914,16
19911017,10/17/1991,199110,Qtr 4,10,October,Oct,42,290,17,5,Thursday,Thu,4,19914,17
19911018,10/18/1991,199110,Qtr 4,10,October,Oct,42,291,18,6,Friday,Fri,4,19914,18
19911019,10/19/1991,199110,Qtr 4,10,October,Oct,42,292,19,7,Saturday,Sat,4,19914,19
19911020,10/20/1991,199110,Qtr 4,10,October,Oct,42,293,20,1,Sunday,Sun,4,19914,20
19911021,10/21/1991,199110,Qtr 4,10,October,Oct,43,294,21,2,Monday,Mon,4,19914,21
19911022,10/22/1991,199110,Qtr 4,10,October,Oct,43,295,22,3,Tuesday,Tue,4,19914,22
19911023,10/23/1991,199110,Qtr 4,10,October,Oct,43,296,23,4,Wednesday,Wed,4,19914,23
19911024,10/24/1991,199110,Qtr 4,10,October,Oct,43,297,24,5,Thursday,Thu,4,19914,24
19911025,10/25/1991,199110,Qtr 4,10,October,Oct,43,298,25,6,Friday,Fri,4,19914,25
19911026,10/26/1991,199110,Qtr 4,10,October,Oct,43,299,26,7,Saturday,Sat,4,19914,26
19911027,10/27/1991,199110,Qtr 4,10,October,Oct,43,300,27,1,Sunday,Sun,4,19914,27
19911028,10/28/1991,199110,Qtr 4,10,October,Oct,44,301,28,2,Monday,Mon,4,19914,28
19911029,10/29/1991,199110,Qtr 4,10,October,Oct,44,302,29,3,Tuesday,Tue,4,19914,29
19911030,10/30/1991,199110,Qtr 4,10,October,Oct,44,303,30,4,Wednesday,Wed,4,19914,30
19911031,10/31/1991,199110,Qtr 4,10,October,Oct,44,304,31,5,Thursday,Thu,4,19914,31
19911101,11/1/1991,199111,Qtr 4,11,November,Nov,44,305,1,6,Friday,Fri,4,19914,32
19911102,11/2/1991,199111,Qtr 4,11,November,Nov,44,306,2,7,Saturday,Sat,4,19914,33
19911103,11/3/1991,199111,Qtr 4,11,November,Nov,44,307,3,1,Sunday,Sun,4,19914,34
19911104,11/4/1991,199111,Qtr 4,11,November,Nov,45,308,4,2,Monday,Mon,4,19914,35
19911105,11/5/1991,199111,Qtr 4,11,November,Nov,45,309,5,3,Tuesday,Tue,4,19914,36
19911106,11/6/1991,199111,Qtr 4,11,November,Nov,45,310,6,4,Wednesday,Wed,4,19914,37
19911107,11/7/1991,199111,Qtr 4,11,November,Nov,45,311,7,5,Thursday,Thu,4,19914,38
19911108,11/8/1991,199111,Qtr 4,11,November,Nov,45,312,8,6,Friday,Fri,4,19914,39
19911109,11/9/1991,199111,Qtr 4,11,November,Nov,45,313,9,7,Saturday,Sat,4,19914,40
19911110,11/10/1991,199111,Qtr 4,11,November,Nov,45,314,10,1,Sunday,Sun,4,19914,41
19911111,11/11/1991,199111,Qtr 4,11,November,Nov,46,315,11,2,Monday,Mon,4,19914,42
19911112,11/12/1991,199111,Qtr 4,11,November,Nov,46,316,12,3,Tuesday,Tue,4,19914,43
19911113,11/13/1991,199111,Qtr 4,11,November,Nov,46,317,13,4,Wednesday,Wed,4,19914,44
19911114,11/14/1991,199111,Qtr 4,11,November,Nov,46,318,14,5,Thursday,Thu,4,19914,45
19911115,11/15/1991,199111,Qtr 4,11,November,Nov,46,319,15,6,Friday,Fri,4,19914,46
19911116,11/16/1991,199111,Qtr 4,11,November,Nov,46,320,16,7,Saturday,Sat,4,19914,47
19911117,11/17/1991,199111,Qtr 4,11,November,Nov,46,321,17,1,Sunday,Sun,4,19914,48
19911118,11/18/1991,199111,Qtr 4,11,November,Nov,47,322,18,2,Monday,Mon,4,19914,49
19911119,11/19/1991,199111,Qtr 4,11,November,Nov,47,323,19,3,Tuesday,Tue,4,19914,50
19911120,11/20/1991,199111,Qtr 4,11,November,Nov,47,324,20,4,Wednesday,Wed,4,19914,51
19911121,11/21/1991,199111,Qtr 4,11,November,Nov,47,325,21,5,Thursday,Thu,4,19914,52
19911122,11/22/1991,199111,Qtr 4,11,November,Nov,47,326,22,6,Friday,Fri,4,19914,53
19911123,11/23/1991,199111,Qtr 4,11,November,Nov,47,327,23,7,Saturday,Sat,4,19914,54
19911124,11/24/1991,199111,Qtr 4,11,November,Nov,47,328,24,1,Sunday,Sun,4,19914,55
19911125,11/25/1991,199111,Qtr 4,11,November,Nov,48,329,25,2,Monday,Mon,4,19914,56
19911126,11/26/1991,199111,Qtr 4,11,November,Nov,48,330,26,3,Tuesday,Tue,4,19914,57
19911127,11/27/1991,199111,Qtr 4,11,November,Nov,48,331,27,4,Wednesday,Wed,4,19914,58
19911128,11/28/1991,199111,Qtr 4,11,November,Nov,48,332,28,5,Thursday,Thu,4,19914,59
19911129,11/29/1991,199111,Qtr 4,11,November,Nov,48,333,29,6,Friday,Fri,4,19914,60
19911130,11/30/1991,199111,Qtr 4,11,November,Nov,48,334,30,7,Saturday,Sat,4,19914,61
19911201,12/1/1991,199112,Qtr 4,12,December,Dec,48,335,1,1,Sunday,Sun,4,19914,62
19911202,12/2/1991,199112,Qtr 4,12,December,Dec,49,336,2,2,Monday,Mon,4,19914,63
19911203,12/3/1991,199112,Qtr 4,12,December,Dec,49,337,3,3,Tuesday,Tue,4,19914,64
19911204,12/4/1991,199112,Qtr 4,12,December,Dec,49,338,4,4,Wednesday,Wed,4,19914,65
19911205,12/5/1991,199112,Qtr 4,12,December,Dec,49,339,5,5,Thursday,Thu,4,19914,66
19911206,12/6/1991,199112,Qtr 4,12,December,Dec,49,340,6,6,Friday,Fri,4,19914,67
19911207,12/7/1991,199112,Qtr 4,12,December,Dec,49,341,7,7,Saturday,Sat,4,19914,68
19911208,12/8/1991,199112,Qtr 4,12,December,Dec,49,342,8,1,Sunday,Sun,4,19914,69
19911209,12/9/1991,199112,Qtr 4,12,December,Dec,50,343,9,2,Monday,Mon,4,19914,70
19911210,12/10/1991,199112,Qtr 4,12,December,Dec,50,344,10,3,Tuesday,Tue,4,19914,71
19911211,12/11/1991,199112,Qtr 4,12,December,Dec,50,345,11,4,Wednesday,Wed,4,19914,72
19911212,12/12/1991,199112,Qtr 4,12,December,Dec,50,346,12,5,Thursday,Thu,4,19914,73
19911213,12/13/1991,199112,Qtr 4,12,December,Dec,50,347,13,6,Friday,Fri,4,19914,74
19911214,12/14/1991,199112,Qtr 4,12,December,Dec,50,348,14,7,Saturday,Sat,4,19914,75
19911215,12/15/1991,199112,Qtr 4,12,December,Dec,50,349,15,1,Sunday,Sun,4,19914,76
19911216,12/16/1991,199112,Qtr 4,12,December,Dec,51,350,16,2,Monday,Mon,4,19914,77
19911217,12/17/1991,199112,Qtr 4,12,December,Dec,51,351,17,3,Tuesday,Tue,4,19914,78
19911218,12/18/1991,199112,Qtr 4,12,December,Dec,51,352,18,4,Wednesday,Wed,4,19914,79
19911219,12/19/1991,199112,Qtr 4,12,December,Dec,51,353,19,5,Thursday,Thu,4,19914,80
19911220,12/20/1991,199112,Qtr 4,12,December,Dec,51,354,20,6,Friday,Fri,4,19914,81
19911221,12/21/1991,199112,Qtr 4,12,December,Dec,51,355,21,7,Saturday,Sat,4,19914,82
19911222,12/22/1991,199112,Qtr 4,12,December,Dec,51,356,22,1,Sunday,Sun,4,19914,83
19911223,12/23/1991,199112,Qtr 4,12,December,Dec,52,357,23,2,Monday,Mon,4,19914,84
19911224,12/24/1991,199112,Qtr 4,12,December,Dec,52,358,24,3,Tuesday,Tue,4,19914,85
19911225,12/25/1991,199112,Qtr 4,12,December,Dec,52,359,25,4,Wednesday,Wed,4,19914,86
19911226,12/26/1991,199112,Qtr 4,12,December,Dec,52,360,26,5,Thursday,Thu,4,19914,87
19911227,12/27/1991,199112,Qtr 4,12,December,Dec,52,361,27,6,Friday,Fri,4,19914,88
19911228,12/28/1991,199112,Qtr 4,12,December,Dec,52,362,28,7,Saturday,Sat,4,19914,89
19911229,12/29/1991,199112,Qtr 4,12,December,Dec,52,363,29,1,Sunday,Sun,4,19914,90
19911230,12/30/1991,199112,Qtr 4,12,December,Dec,1,364,30,2,Monday,Mon,4,19914,91
19911231,12/31/1991,199112,Qtr 4,12,December,Dec,1,365,31,3,Tuesday,Tue,4,19914,92
19920101,1/1/1992,199201,Qtr 1,1,January,Jan,1,1,1,4,Wednesday,Wed,1,19921,1
19920102,1/2/1992,199201,Qtr 1,1,January,Jan,1,2,2,5,Thursday,Thu,1,19921,2
19920103,1/3/1992,199201,Qtr 1,1,January,Jan,1,3,3,6,Friday,Fri,1,19921,3
19920104,1/4/1992,199201,Qtr 1,1,January,Jan,1,4,4,7,Saturday,Sat,1,19921,4
19920105,1/5/1992,199201,Qtr 1,1,January,Jan,1,5,5,1,Sunday,Sun,1,19921,5
19920106,1/6/1992,199201,Qtr 1,1,January,Jan,2,6,6,2,Monday,Mon,1,19921,6
19920107,1/7/1992,199201,Qtr 1,1,January,Jan,2,7,7,3,Tuesday,Tue,1,19921,7
19920108,1/8/1992,199201,Qtr 1,1,January,Jan,2,8,8,4,Wednesday,Wed,1,19921,8
19920109,1/9/1992,199201,Qtr 1,1,January,Jan,2,9,9,5,Thursday,Thu,1,19921,9
19920110,1/10/1992,199201,Qtr 1,1,January,Jan,2,10,10,6,Friday,Fri,1,19921,10
19920111,1/11/1992,199201,Qtr 1,1,January,Jan,2,11,11,7,Saturday,Sat,1,19921,11
19920112,1/12/1992,199201,Qtr 1,1,January,Jan,2,12,12,1,Sunday,Sun,1,19921,12
19920113,1/13/1992,199201,Qtr 1,1,January,Jan,3,13,13,2,Monday,Mon,1,19921,13
19920114,1/14/1992,199201,Qtr 1,1,January,Jan,3,14,14,3,Tuesday,Tue,1,19921,14
19920115,1/15/1992,199201,Qtr 1,1,January,Jan,3,15,15,4,Wednesday,Wed,1,19921,15
19920116,1/16/1992,199201,Qtr 1,1,January,Jan,3,16,16,5,Thursday,Thu,1,19921,16
19920117,1/17/1992,199201,Qtr 1,1,January,Jan,3,17,17,6,Friday,Fri,1,19921,17
19920118,1/18/1992,199201,Qtr 1,1,January,Jan,3,18,18,7,Saturday,Sat,1,19921,18
19920119,1/19/1992,199201,Qtr 1,1,January,Jan,3,19,19,1,Sunday,Sun,1,19921,19
19920120,1/20/1992,199201,Qtr 1,1,January,Jan,4,20,20,2,Monday,Mon,1,19921,20
19920121,1/21/1992,199201,Qtr 1,1,January,Jan,4,21,21,3,Tuesday,Tue,1,19921,21
19920122,1/22/1992,199201,Qtr 1,1,January,Jan,4,22,22,4,Wednesday,Wed,1,19921,22
19920123,1/23/1992,199201,Qtr 1,1,January,Jan,4,23,23,5,Thursday,Thu,1,19921,23
19920124,1/24/1992,199201,Qtr 1,1,January,Jan,4,24,24,6,Friday,Fri,1,19921,24
19920125,1/25/1992,199201,Qtr 1,1,January,Jan,4,25,25,7,Saturday,Sat,1,19921,25
19920126,1/26/1992,199201,Qtr 1,1,January,Jan,4,26,26,1,Sunday,Sun,1,19921,26
19920127,1/27/1992,199201,Qtr 1,1,January,Jan,5,27,27,2,Monday,Mon,1,19921,27
19920128,1/28/1992,199201,Qtr 1,1,January,Jan,5,28,28,3,Tuesday,Tue,1,19921,28
19920129,1/29/1992,199201,Qtr 1,1,January,Jan,5,29,29,4,Wednesday,Wed,1,19921,29
19920130,1/30/1992,199201,Qtr 1,1,January,Jan,5,30,30,5,Thursday,Thu,1,19921,30
19920131,1/31/1992,199201,Qtr 1,1,January,Jan,5,31,31,6,Friday,Fri,1,19921,31
19920201,2/1/1992,199202,Qtr 1,2,February,Feb,5,32,1,7,Saturday,Sat,1,19921,32
19920202,2/2/1992,199202,Qtr 1,2,February,Feb,5,33,2,1,Sunday,Sun,1,19921,33
19920203,2/3/1992,199202,Qtr 1,2,February,Feb,6,34,3,2,Monday,Mon,1,19921,34
19920204,2/4/1992,199202,Qtr 1,2,February,Feb,6,35,4,3,Tuesday,Tue,1,19921,35
19920205,2/5/1992,199202,Qtr 1,2,February,Feb,6,36,5,4,Wednesday,Wed,1,19921,36
19920206,2/6/1992,199202,Qtr 1,2,February,Feb,6,37,6,5,Thursday,Thu,1,19921,37
19920207,2/7/1992,199202,Qtr 1,2,February,Feb,6,38,7,6,Friday,Fri,1,19921,38
19920208,2/8/1992,199202,Qtr 1,2,February,Feb,6,39,8,7,Saturday,Sat,1,19921,39
19920209,2/9/1992,199202,Qtr 1,2,February,Feb,6,40,9,1,Sunday,Sun,1,19921,40
19920210,2/10/1992,199202,Qtr 1,2,February,Feb,7,41,10,2,Monday,Mon,1,19921,41
19920211,2/11/1992,199202,Qtr 1,2,February,Feb,7,42,11,3,Tuesday,Tue,1,19921,42
19920212,2/12/1992,199202,Qtr 1,2,February,Feb,7,43,12,4,Wednesday,Wed,1,19921,43
19920213,2/13/1992,199202,Qtr 1,2,February,Feb,7,44,13,5,Thursday,Thu,1,19921,44
19920214,2/14/1992,199202,Qtr 1,2,February,Feb,7,45,14,6,Friday,Fri,1,19921,45
19920215,2/15/1992,199202,Qtr 1,2,February,Feb,7,46,15,7,Saturday,Sat,1,19921,46
19920216,2/16/1992,199202,Qtr 1,2,February,Feb,7,47,16,1,Sunday,Sun,1,19921,47
19920217,2/17/1992,199202,Qtr 1,2,February,Feb,8,48,17,2,Monday,Mon,1,19921,48
19920218,2/18/1992,199202,Qtr 1,2,February,Feb,8,49,18,3,Tuesday,Tue,1,19921,49
19920219,2/19/1992,199202,Qtr 1,2,February,Feb,8,50,19,4,Wednesday,Wed,1,19921,50
19920220,2/20/1992,199202,Qtr 1,2,February,Feb,8,51,20,5,Thursday,Thu,1,19921,51
19920221,2/21/1992,199202,Qtr 1,2,February,Feb,8,52,21,6,Friday,Fri,1,19921,52
19920222,2/22/1992,199202,Qtr 1,2,February,Feb,8,53,22,7,Saturday,Sat,1,19921,53
19920223,2/23/1992,199202,Qtr 1,2,February,Feb,8,54,23,1,Sunday,Sun,1,19921,54
19920224,2/24/1992,199202,Qtr 1,2,February,Feb,9,55,24,2,Monday,Mon,1,19921,55
19920225,2/25/1992,199202,Qtr 1,2,February,Feb,9,56,25,3,Tuesday,Tue,1,19921,56
19920226,2/26/1992,199202,Qtr 1,2,February,Feb,9,57,26,4,Wednesday,Wed,1,19921,57
19920227,2/27/1992,199202,Qtr 1,2,February,Feb,9,58,27,5,Thursday,Thu,1,19921,58
19920228,2/28/1992,199202,Qtr 1,2,February,Feb,9,59,28,6,Friday,Fri,1,19921,59
19920229,2/29/1992,199202,Qtr 1,2,February,Feb,9,60,29,7,Saturday,Sat,1,19921,60
19920301,3/1/1992,199203,Qtr 1,3,March,Mar,9,61,1,1,Sunday,Sun,1,19921,61
19920302,3/2/1992,199203,Qtr 1,3,March,Mar,10,62,2,2,Monday,Mon,1,19921,62
19920303,3/3/1992,199203,Qtr 1,3,March,Mar,10,63,3,3,Tuesday,Tue,1,19921,63
19920304,3/4/1992,199203,Qtr 1,3,March,Mar,10,64,4,4,Wednesday,Wed,1,19921,64
19920305,3/5/1992,199203,Qtr 1,3,March,Mar,10,65,5,5,Thursday,Thu,1,19921,65
19920306,3/6/1992,199203,Qtr 1,3,March,Mar,10,66,6,6,Friday,Fri,1,19921,66
19920307,3/7/1992,199203,Qtr 1,3,March,Mar,10,67,7,7,Saturday,Sat,1,19921,67
19920308,3/8/1992,199203,Qtr 1,3,March,Mar,10,68,8,1,Sunday,Sun,1,19921,68
19920309,3/9/1992,199203,Qtr 1,3,March,Mar,11,69,9,2,Monday,Mon,1,19921,69
19920310,3/10/1992,199203,Qtr 1,3,March,Mar,11,70,10,3,Tuesday,Tue,1,19921,70
19920311,3/11/1992,199203,Qtr 1,3,March,Mar,11,71,11,4,Wednesday,Wed,1,19921,71
19920312,3/12/1992,199203,Qtr 1,3,March,Mar,11,72,12,5,Thursday,Thu,1,19921,72
19920313,3/13/1992,199203,Qtr 1,3,March,Mar,11,73,13,6,Friday,Fri,1,19921,73
19920314,3/14/1992,199203,Qtr 1,3,March,Mar,11,74,14,7,Saturday,Sat,1,19921,74
19920315,3/15/1992,199203,Qtr 1,3,March,Mar,11,75,15,1,Sunday,Sun,1,19921,75
19920316,3/16/1992,199203,Qtr 1,3,March,Mar,12,76,16,2,Monday,Mon,1,19921,76
19920317,3/17/1992,199203,Qtr 1,3,March,Mar,12,77,17,3,Tuesday,Tue,1,19921,77
19920318,3/18/1992,199203,Qtr 1,3,March,Mar,12,78,18,4,Wednesday,Wed,1,19921,78
19920319,3/19/1992,199203,Qtr 1,3,March,Mar,12,79,19,5,Thursday,Thu,1,19921,79
19920320,3/20/1992,199203,Qtr 1,3,March,Mar,12,80,20,6,Friday,Fri,1,19921,80
19920321,3/21/1992,199203,Qtr 1,3,March,Mar,12,81,21,7,Saturday,Sat,1,19921,81
19920322,3/22/1992,199203,Qtr 1,3,March,Mar,12,82,22,1,Sunday,Sun,1,19921,82
19920323,3/23/1992,199203,Qtr 1,3,March,Mar,13,83,23,2,Monday,Mon,1,19921,83
19920324,3/24/1992,199203,Qtr 1,3,March,Mar,13,84,24,3,Tuesday,Tue,1,19921,84
19920325,3/25/1992,199203,Qtr 1,3,March,Mar,13,85,25,4,Wednesday,Wed,1,19921,85
19920326,3/26/1992,199203,Qtr 1,3,March,Mar,13,86,26,5,Thursday,Thu,1,19921,86
19920327,3/27/1992,199203,Qtr 1,3,March,Mar,13,87,27,6,Friday,Fri,1,19921,87
19920328,3/28/1992,199203,Qtr 1,3,March,Mar,13,88,28,7,Saturday,Sat,1,19921,88
19920329,3/29/1992,199203,Qtr 1,3,March,Mar,13,89,29,1,Sunday,Sun,1,19921,89
19920330,3/30/1992,199203,Qtr 1,3,March,Mar,14,90,30,2,Monday,Mon,1,19921,90
19920331,3/31/1992,199203,Qtr 1,3,March,Mar,14,91,31,3,Tuesday,Tue,1,19921,91
19920401,4/1/1992,199204,Qtr 2,4,April,Apr,14,92,1,4,Wednesday,Wed,2,19922,1
19920402,4/2/1992,199204,Qtr 2,4,April,Apr,14,93,2,5,Thursday,Thu,2,19922,2
19920403,4/3/1992,199204,Qtr 2,4,April,Apr,14,94,3,6,Friday,Fri,2,19922,3
19920404,4/4/1992,199204,Qtr 2,4,April,Apr,14,95,4,7,Saturday,Sat,2,19922,4
19920405,4/5/1992,199204,Qtr 2,4,April,Apr,14,96,5,1,Sunday,Sun,2,19922,5
19920406,4/6/1992,199204,Qtr 2,4,April,Apr,15,97,6,2,Monday,Mon,2,19922,6
19920407,4/7/1992,199204,Qtr 2,4,April,Apr,15,98,7,3,Tuesday,Tue,2,19922,7
19920408,4/8/1992,199204,Qtr 2,4,April,Apr,15,99,8,4,Wednesday,Wed,2,19922,8
19920409,4/9/1992,199204,Qtr 2,4,April,Apr,15,100,9,5,Thursday,Thu,2,19922,9
19920410,4/10/1992,199204,Qtr 2,4,April,Apr,15,101,10,6,Friday,Fri,2,19922,10
19920411,4/11/1992,199204,Qtr 2,4,April,Apr,15,102,11,7,Saturday,Sat,2,19922,11
19920412,4/12/1992,199204,Qtr 2,4,April,Apr,15,103,12,1,Sunday,Sun,2,19922,12
19920413,4/13/1992,199204,Qtr 2,4,April,Apr,16,104,13,2,Monday,Mon,2,19922,13
19920414,4/14/1992,199204,Qtr 2,4,April,Apr,16,105,14,3,Tuesday,Tue,2,19922,14
19920415,4/15/1992,199204,Qtr 2,4,April,Apr,16,106,15,4,Wednesday,Wed,2,19922,15
19920416,4/16/1992,199204,Qtr 2,4,April,Apr,16,107,16,5,Thursday,Thu,2,19922,16
19920417,4/17/1992,199204,Qtr 2,4,April,Apr,16,108,17,6,Friday,Fri,2,19922,17
19920418,4/18/1992,199204,Qtr 2,4,April,Apr,16,109,18,7,Saturday,Sat,2,19922,18
19920419,4/19/1992,199204,Qtr 2,4,April,Apr,16,110,19,1,Sunday,Sun,2,19922,19
19920420,4/20/1992,199204,Qtr 2,4,April,Apr,17,111,20,2,Monday,Mon,2,19922,20
19920421,4/21/1992,199204,Qtr 2,4,April,Apr,17,112,21,3,Tuesday,Tue,2,19922,21
19920422,4/22/1992,199204,Qtr 2,4,April,Apr,17,113,22,4,Wednesday,Wed,2,19922,22
19920423,4/23/1992,199204,Qtr 2,4,April,Apr,17,114,23,5,Thursday,Thu,2,19922,23
19920424,4/24/1992,199204,Qtr 2,4,April,Apr,17,115,24,6,Friday,Fri,2,19922,24
19920425,4/25/1992,199204,Qtr 2,4,April,Apr,17,116,25,7,Saturday,Sat,2,19922,25
19920426,4/26/1992,199204,Qtr 2,4,April,Apr,17,117,26,1,Sunday,Sun,2,19922,26
19920427,4/27/1992,199204,Qtr 2,4,April,Apr,18,118,27,2,Monday,Mon,2,19922,27
19920428,4/28/1992,199204,Qtr 2,4,April,Apr,18,119,28,3,Tuesday,Tue,2,19922,28
19920429,4/29/1992,199204,Qtr 2,4,April,Apr,18,120,29,4,Wednesday,Wed,2,19922,29
19920430,4/30/1992,199204,Qtr 2,4,April,Apr,18,121,30,5,Thursday,Thu,2,19922,30
19920501,5/1/1992,199205,Qtr 2,5,May,May,18,122,1,6,Friday,Fri,2,19922,31
19920502,5/2/1992,199205,Qtr 2,5,May,May,18,123,2,7,Saturday,Sat,2,19922,32
19920503,5/3/1992,199205,Qtr 2,5,May,May,18,124,3,1,Sunday,Sun,2,19922,33
19920504,5/4/1992,199205,Qtr 2,5,May,May,19,125,4,2,Monday,Mon,2,19922,34
19920505,5/5/1992,199205,Qtr 2,5,May,May,19,126,5,3,Tuesday,Tue,2,19922,35
19920506,5/6/1992,199205,Qtr 2,5,May,May,19,127,6,4,Wednesday,Wed,2,19922,36
19920507,5/7/1992,199205,Qtr 2,5,May,May,19,128,7,5,Thursday,Thu,2,19922,37
19920508,5/8/1992,199205,Qtr 2,5,May,May,19,129,8,6,Friday,Fri,2,19922,38
19920509,5/9/1992,199205,Qtr 2,5,May,May,19,130,9,7,Saturday,Sat,2,19922,39
19920510,5/10/1992,199205,Qtr 2,5,May,May,19,131,10,1,Sunday,Sun,2,19922,40
19920511,5/11/1992,199205,Qtr 2,5,May,May,20,132,11,2,Monday,Mon,2,19922,41
19920512,5/12/1992,199205,Qtr 2,5,May,May,20,133,12,3,Tuesday,Tue,2,19922,42
19920513,5/13/1992,199205,Qtr 2,5,May,May,20,134,13,4,Wednesday,Wed,2,19922,43
19920514,5/14/1992,199205,Qtr 2,5,May,May,20,135,14,5,Thursday,Thu,2,19922,44
19920515,5/15/1992,199205,Qtr 2,5,May,May,20,136,15,6,Friday,Fri,2,19922,45
19920516,5/16/1992,199205,Qtr 2,5,May,May,20,137,16,7,Saturday,Sat,2,19922,46
19920517,5/17/1992,199205,Qtr 2,5,May,May,20,138,17,1,Sunday,Sun,2,19922,47
19920518,5/18/1992,199205,Qtr 2,5,May,May,21,139,18,2,Monday,Mon,2,19922,48
19920519,5/19/1992,199205,Qtr 2,5,May,May,21,140,19,3,Tuesday,Tue,2,19922,49
19920520,5/20/1992,199205,Qtr 2,5,May,May,21,141,20,4,Wednesday,Wed,2,19922,50
19920521,5/21/1992,199205,Qtr 2,5,May,May,21,142,21,5,Thursday,Thu,2,19922,51
19920522,5/22/1992,199205,Qtr 2,5,May,May,21,143,22,6,Friday,Fri,2,19922,52
19920523,5/23/1992,199205,Qtr 2,5,May,May,21,144,23,7,Saturday,Sat,2,19922,53
19920524,5/24/1992,199205,Qtr 2,5,May,May,21,145,24,1,Sunday,Sun,2,19922,54
19920525,5/25/1992,199205,Qtr 2,5,May,May,22,146,25,2,Monday,Mon,2,19922,55
19920526,5/26/1992,199205,Qtr 2,5,May,May,22,147,26,3,Tuesday,Tue,2,19922,56
19920527,5/27/1992,199205,Qtr 2,5,May,May,22,148,27,4,Wednesday,Wed,2,19922,57
19920528,5/28/1992,199205,Qtr 2,5,May,May,22,149,28,5,Thursday,Thu,2,19922,58
19920529,5/29/1992,199205,Qtr 2,5,May,May,22,150,29,6,Friday,Fri,2,19922,59
19920530,5/30/1992,199205,Qtr 2,5,May,May,22,151,30,7,Saturday,Sat,2,19922,60
19920531,5/31/1992,199205,Qtr 2,5,May,May,22,152,31,1,Sunday,Sun,2,19922,61
19920601,6/1/1992,199206,Qtr 2,6,June,Jun,23,153,1,2,Monday,Mon,2,19922,62
19920602,6/2/1992,199206,Qtr 2,6,June,Jun,23,154,2,3,Tuesday,Tue,2,19922,63
19920603,6/3/1992,199206,Qtr 2,6,June,Jun,23,155,3,4,Wednesday,Wed,2,19922,64
19920604,6/4/1992,199206,Qtr 2,6,June,Jun,23,156,4,5,Thursday,Thu,2,19922,65
19920605,6/5/1992,199206,Qtr 2,6,June,Jun,23,157,5,6,Friday,Fri,2,19922,66
19920606,6/6/1992,199206,Qtr 2,6,June,Jun,23,158,6,7,Saturday,Sat,2,19922,67
19920607,6/7/1992,199206,Qtr 2,6,June,Jun,23,159,7,1,Sunday,Sun,2,19922,68
19920608,6/8/1992,199206,Qtr 2,6,June,Jun,24,160,8,2,Monday,Mon,2,19922,69
19920609,6/9/1992,199206,Qtr 2,6,June,Jun,24,161,9,3,Tuesday,Tue,2,19922,70
19920610,6/10/1992,199206,Qtr 2,6,June,Jun,24,162,10,4,Wednesday,Wed,2,19922,71
19920611,6/11/1992,199206,Qtr 2,6,June,Jun,24,163,11,5,Thursday,Thu,2,19922,72
19920612,6/12/1992,199206,Qtr 2,6,June,Jun,24,164,12,6,Friday,Fri,2,19922,73
19920613,6/13/1992,199206,Qtr 2,6,June,Jun,24,165,13,7,Saturday,Sat,2,19922,74
19920614,6/14/1992,199206,Qtr 2,6,June,Jun,24,166,14,1,Sunday,Sun,2,19922,75
19920615,6/15/1992,199206,Qtr 2,6,June,Jun,25,167,15,2,Monday,Mon,2,19922,76
19920616,6/16/1992,199206,Qtr 2,6,June,Jun,25,168,16,3,Tuesday,Tue,2,19922,77
19920617,6/17/1992,199206,Qtr 2,6,June,Jun,25,169,17,4,Wednesday,Wed,2,19922,78
19920618,6/18/1992,199206,Qtr 2,6,June,Jun,25,170,18,5,Thursday,Thu,2,19922,79
19920619,6/19/1992,199206,Qtr 2,6,June,Jun,25,171,19,6,Friday,Fri,2,19922,80
19920620,6/20/1992,199206,Qtr 2,6,June,Jun,25,172,20,7,Saturday,Sat,2,19922,81
19920621,6/21/1992,199206,Qtr 2,6,June,Jun,25,173,21,1,Sunday,Sun,2,19922,82
19920622,6/22/1992,199206,Qtr 2,6,June,Jun,26,174,22,2,Monday,Mon,2,19922,83
19920623,6/23/1992,199206,Qtr 2,6,June,Jun,26,175,23,3,Tuesday,Tue,2,19922,84
19920624,6/24/1992,199206,Qtr 2,6,June,Jun,26,176,24,4,Wednesday,Wed,2,19922,85
19920625,6/25/1992,199206,Qtr 2,6,June,Jun,26,177,25,5,Thursday,Thu,2,19922,86
19920626,6/26/1992,199206,Qtr 2,6,June,Jun,26,178,26,6,Friday,Fri,2,19922,87
19920627,6/27/1992,199206,Qtr 2,6,June,Jun,26,179,27,7,Saturday,Sat,2,19922,88
19920628,6/28/1992,199206,Qtr 2,6,June,Jun,26,180,28,1,Sunday,Sun,2,19922,89
19920629,6/29/1992,199206,Qtr 2,6,June,Jun,27,181,29,2,Monday,Mon,2,19922,90
19920630,6/30/1992,199206,Qtr 2,6,June,Jun,27,182,30,3,Tuesday,Tue,2,19922,91
19920701,7/1/1992,199207,Qtr 3,7,July,Jul,27,183,1,4,Wednesday,Wed,3,19923,1
19920702,7/2/1992,199207,Qtr 3,7,July,Jul,27,184,2,5,Thursday,Thu,3,19923,2
19920703,7/3/1992,199207,Qtr 3,7,July,Jul,27,185,3,6,Friday,Fri,3,19923,3
19920704,7/4/1992,199207,Qtr 3,7,July,Jul,27,186,4,7,Saturday,Sat,3,19923,4
19920705,7/5/1992,199207,Qtr 3,7,July,Jul,27,187,5,1,Sunday,Sun,3,19923,5
19920706,7/6/1992,199207,Qtr 3,7,July,Jul,28,188,6,2,Monday,Mon,3,19923,6
19920707,7/7/1992,199207,Qtr 3,7,July,Jul,28,189,7,3,Tuesday,Tue,3,19923,7
19920708,7/8/1992,199207,Qtr 3,7,July,Jul,28,190,8,4,Wednesday,Wed,3,19923,8
19920709,7/9/1992,199207,Qtr 3,7,July,Jul,28,191,9,5,Thursday,Thu,3,19923,9
19920710,7/10/1992,199207,Qtr 3,7,July,Jul,28,192,10,6,Friday,Fri,3,19923,10
19920711,7/11/1992,199207,Qtr 3,7,July,Jul,28,193,11,7,Saturday,Sat,3,19923,11
19920712,7/12/1992,199207,Qtr 3,7,July,Jul,28,194,12,1,Sunday,Sun,3,19923,12
19920713,7/13/1992,199207,Qtr 3,7,July,Jul,29,195,13,2,Monday,Mon,3,19923,13
19920714,7/14/1992,199207,Qtr 3,7,July,Jul,29,196,14,3,Tuesday,Tue,3,19923,14
19920715,7/15/1992,199207,Qtr 3,7,July,Jul,29,197,15,4,Wednesday,Wed,3,19923,15
19920716,7/16/1992,199207,Qtr 3,7,July,Jul,29,198,16,5,Thursday,Thu,3,19923,16
19920717,7/17/1992,199207,Qtr 3,7,July,Jul,29,199,17,6,Friday,Fri,3,19923,17
19920718,7/18/1992,199207,Qtr 3,7,July,Jul,29,200,18,7,Saturday,Sat,3,19923,18
19920719,7/19/1992,199207,Qtr 3,7,July,Jul,29,201,19,1,Sunday,Sun,3,19923,19
19920720,7/20/1992,199207,Qtr 3,7,July,Jul,30,202,20,2,Monday,Mon,3,19923,20
19920721,7/21/1992,199207,Qtr 3,7,July,Jul,30,203,21,3,Tuesday,Tue,3,19923,21
19920722,7/22/1992,199207,Qtr 3,7,July,Jul,30,204,22,4,Wednesday,Wed,3,19923,22
19920723,7/23/1992,199207,Qtr 3,7,July,Jul,30,205,23,5,Thursday,Thu,3,19923,23
19920724,7/24/1992,199207,Qtr 3,7,July,Jul,30,206,24,6,Friday,Fri,3,19923,24
19920725,7/25/1992,199207,Qtr 3,7,July,Jul,30,207,25,7,Saturday,Sat,3,19923,25
19920726,7/26/1992,199207,Qtr 3,7,July,Jul,30,208,26,1,Sunday,Sun,3,19923,26
19920727,7/27/1992,199207,Qtr 3,7,July,Jul,31,209,27,2,Monday,Mon,3,19923,27
19920728,7/28/1992,199207,Qtr 3,7,July,Jul,31,210,28,3,Tuesday,Tue,3,19923,28
19920729,7/29/1992,199207,Qtr 3,7,July,Jul,31,211,29,4,Wednesday,Wed,3,19923,29
19920730,7/30/1992,199207,Qtr 3,7,July,Jul,31,212,30,5,Thursday,Thu,3,19923,30
19920731,7/31/1992,199207,Qtr 3,7,July,Jul,31,213,31,6,Friday,Fri,3,19923,31
19920801,8/1/1992,199208,Qtr 3,8,August,Aug,31,214,1,7,Saturday,Sat,3,19923,32
19920802,8/2/1992,199208,Qtr 3,8,August,Aug,31,215,2,1,Sunday,Sun,3,19923,33
19920803,8/3/1992,199208,Qtr 3,8,August,Aug,32,216,3,2,Monday,Mon,3,19923,34
19920804,8/4/1992,199208,Qtr 3,8,August,Aug,32,217,4,3,Tuesday,Tue,3,19923,35
19920805,8/5/1992,199208,Qtr 3,8,August,Aug,32,218,5,4,Wednesday,Wed,3,19923,36
19920806,8/6/1992,199208,Qtr 3,8,August,Aug,32,219,6,5,Thursday,Thu,3,19923,37
19920807,8/7/1992,199208,Qtr 3,8,August,Aug,32,220,7,6,Friday,Fri,3,19923,38
19920808,8/8/1992,199208,Qtr 3,8,August,Aug,32,221,8,7,Saturday,Sat,3,19923,39
19920809,8/9/1992,199208,Qtr 3,8,August,Aug,32,222,9,1,Sunday,Sun,3,19923,40
19920810,8/10/1992,199208,Qtr 3,8,August,Aug,33,223,10,2,Monday,Mon,3,19923,41
19920811,8/11/1992,199208,Qtr 3,8,August,Aug,33,224,11,3,Tuesday,Tue,3,19923,42
19920812,8/12/1992,199208,Qtr 3,8,August,Aug,33,225,12,4,Wednesday,Wed,3,19923,43
19920813,8/13/1992,199208,Qtr 3,8,August,Aug,33,226,13,5,Thursday,Thu,3,19923,44
19920814,8/14/1992,199208,Qtr 3,8,August,Aug,33,227,14,6,Friday,Fri,3,19923,45
19920815,8/15/1992,199208,Qtr 3,8,August,Aug,33,228,15,7,Saturday,Sat,3,19923,46
19920816,8/16/1992,199208,Qtr 3,8,August,Aug,33,229,16,1,Sunday,Sun,3,19923,47
19920817,8/17/1992,199208,Qtr 3,8,August,Aug,34,230,17,2,Monday,Mon,3,19923,48
19920818,8/18/1992,199208,Qtr 3,8,August,Aug,34,231,18,3,Tuesday,Tue,3,19923,49
19920819,8/19/1992,199208,Qtr 3,8,August,Aug,34,232,19,4,Wednesday,Wed,3,19923,50
19920820,8/20/1992,199208,Qtr 3,8,August,Aug,34,233,20,5,Thursday,Thu,3,19923,51
19920821,8/21/1992,199208,Qtr 3,8,August,Aug,34,234,21,6,Friday,Fri,3,19923,52
19920822,8/22/1992,199208,Qtr 3,8,August,Aug,34,235,22,7,Saturday,Sat,3,19923,53
19920823,8/23/1992,199208,Qtr 3,8,August,Aug,34,236,23,1,Sunday,Sun,3,19923,54
19920824,8/24/1992,199208,Qtr 3,8,August,Aug,35,237,24,2,Monday,Mon,3,19923,55
19920825,8/25/1992,199208,Qtr 3,8,August,Aug,35,238,25,3,Tuesday,Tue,3,19923,56
19920826,8/26/1992,199208,Qtr 3,8,August,Aug,35,239,26,4,Wednesday,Wed,3,19923,57
19920827,8/27/1992,199208,Qtr 3,8,August,Aug,35,240,27,5,Thursday,Thu,3,19923,58
19920828,8/28/1992,199208,Qtr 3,8,August,Aug,35,241,28,6,Friday,Fri,3,19923,59
19920829,8/29/1992,199208,Qtr 3,8,August,Aug,35,242,29,7,Saturday,Sat,3,19923,60
19920830,8/30/1992,199208,Qtr 3,8,August,Aug,35,243,30,1,Sunday,Sun,3,19923,61
19920831,8/31/1992,199208,Qtr 3,8,August,Aug,36,244,31,2,Monday,Mon,3,19923,62
19920901,9/1/1992,199209,Qtr 3,9,September,Sep,36,245,1,3,Tuesday,Tue,3,19923,63
19920902,9/2/1992,199209,Qtr 3,9,September,Sep,36,246,2,4,Wednesday,Wed,3,19923,64
19920903,9/3/1992,199209,Qtr 3,9,September,Sep,36,247,3,5,Thursday,Thu,3,19923,65
19920904,9/4/1992,199209,Qtr 3,9,September,Sep,36,248,4,6,Friday,Fri,3,19923,66
19920905,9/5/1992,199209,Qtr 3,9,September,Sep,36,249,5,7,Saturday,Sat,3,19923,67
19920906,9/6/1992,199209,Qtr 3,9,September,Sep,36,250,6,1,Sunday,Sun,3,19923,68
19920907,9/7/1992,199209,Qtr 3,9,September,Sep,37,251,7,2,Monday,Mon,3,19923,69
19920908,9/8/1992,199209,Qtr 3,9,September,Sep,37,252,8,3,Tuesday,Tue,3,19923,70
19920909,9/9/1992,199209,Qtr 3,9,September,Sep,37,253,9,4,Wednesday,Wed,3,19923,71
19920910,9/10/1992,199209,Qtr 3,9,September,Sep,37,254,10,5,Thursday,Thu,3,19923,72
19920911,9/11/1992,199209,Qtr 3,9,September,Sep,37,255,11,6,Friday,Fri,3,19923,73
19920912,9/12/1992,199209,Qtr 3,9,September,Sep,37,256,12,7,Saturday,Sat,3,19923,74
19920913,9/13/1992,199209,Qtr 3,9,September,Sep,37,257,13,1,Sunday,Sun,3,19923,75
19920914,9/14/1992,199209,Qtr 3,9,September,Sep,38,258,14,2,Monday,Mon,3,19923,76
19920915,9/15/1992,199209,Qtr 3,9,September,Sep,38,259,15,3,Tuesday,Tue,3,19923,77
19920916,9/16/1992,199209,Qtr 3,9,September,Sep,38,260,16,4,Wednesday,Wed,3,19923,78
19920917,9/17/1992,199209,Qtr 3,9,September,Sep,38,261,17,5,Thursday,Thu,3,19923,79
19920918,9/18/1992,199209,Qtr 3,9,September,Sep,38,262,18,6,Friday,Fri,3,19923,80
19920919,9/19/1992,199209,Qtr 3,9,September,Sep,38,263,19,7,Saturday,Sat,3,19923,81
19920920,9/20/1992,199209,Qtr 3,9,September,Sep,38,264,20,1,Sunday,Sun,3,19923,82
19920921,9/21/1992,199209,Qtr 3,9,September,Sep,39,265,21,2,Monday,Mon,3,19923,83
19920922,9/22/1992,199209,Qtr 3,9,September,Sep,39,266,22,3,Tuesday,Tue,3,19923,84
19920923,9/23/1992,199209,Qtr 3,9,September,Sep,39,267,23,4,Wednesday,Wed,3,19923,85
19920924,9/24/1992,199209,Qtr 3,9,September,Sep,39,268,24,5,Thursday,Thu,3,19923,86
19920925,9/25/1992,199209,Qtr 3,9,September,Sep,39,269,25,6,Friday,Fri,3,19923,87
19920926,9/26/1992,199209,Qtr 3,9,September,Sep,39,270,26,7,Saturday,Sat,3,19923,88
19920927,9/27/1992,199209,Qtr 3,9,September,Sep,39,271,27,1,Sunday,Sun,3,19923,89
19920928,9/28/1992,199209,Qtr 3,9,September,Sep,40,272,28,2,Monday,Mon,3,19923,90
19920929,9/29/1992,199209,Qtr 3,9,September,Sep,40,273,29,3,Tuesday,Tue,3,19923,91
19920930,9/30/1992,199209,Qtr 3,9,September,Sep,40,274,30,4,Wednesday,Wed,3,19923,92
19921001,10/1/1992,199210,Qtr 4,10,October,Oct,40,275,1,5,Thursday,Thu,4,19924,1
19921002,10/2/1992,199210,Qtr 4,10,October,Oct,40,276,2,6,Friday,Fri,4,19924,2
19921003,10/3/1992,199210,Qtr 4,10,October,Oct,40,277,3,7,Saturday,Sat,4,19924,3
19921004,10/4/1992,199210,Qtr 4,10,October,Oct,40,278,4,1,Sunday,Sun,4,19924,4
19921005,10/5/1992,199210,Qtr 4,10,October,Oct,41,279,5,2,Monday,Mon,4,19924,5
19921006,10/6/1992,199210,Qtr 4,10,October,Oct,41,280,6,3,Tuesday,Tue,4,19924,6
19921007,10/7/1992,199210,Qtr 4,10,October,Oct,41,281,7,4,Wednesday,Wed,4,19924,7
19921008,10/8/1992,199210,Qtr 4,10,October,Oct,41,282,8,5,Thursday,Thu,4,19924,8
19921009,10/9/1992,199210,Qtr 4,10,October,Oct,41,283,9,6,Friday,Fri,4,19924,9
19921010,10/10/1992,199210,Qtr 4,10,October,Oct,41,284,10,7,Saturday,Sat,4,19924,10
19921011,10/11/1992,199210,Qtr 4,10,October,Oct,41,285,11,1,Sunday,Sun,4,19924,11
19921012,10/12/1992,199210,Qtr 4,10,October,Oct,42,286,12,2,Monday,Mon,4,19924,12
19921013,10/13/1992,199210,Qtr 4,10,October,Oct,42,287,13,3,Tuesday,Tue,4,19924,13
19921014,10/14/1992,199210,Qtr 4,10,October,Oct,42,288,14,4,Wednesday,Wed,4,19924,14
19921015,10/15/1992,199210,Qtr 4,10,October,Oct,42,289,15,5,Thursday,Thu,4,19924,15
19921016,10/16/1992,199210,Qtr 4,10,October,Oct,42,290,16,6,Friday,Fri,4,19924,16
19921017,10/17/1992,199210,Qtr 4,10,October,Oct,42,291,17,7,Saturday,Sat,4,19924,17
19921018,10/18/1992,199210,Qtr 4,10,October,Oct,42,292,18,1,Sunday,Sun,4,19924,18
19921019,10/19/1992,199210,Qtr 4,10,October,Oct,43,293,19,2,Monday,Mon,4,19924,19
19921020,10/20/1992,199210,Qtr 4,10,October,Oct,43,294,20,3,Tuesday,Tue,4,19924,20
19921021,10/21/1992,199210,Qtr 4,10,October,Oct,43,295,21,4,Wednesday,Wed,4,19924,21
19921022,10/22/1992,199210,Qtr 4,10,October,Oct,43,296,22,5,Thursday,Thu,4,19924,22
19921023,10/23/1992,199210,Qtr 4,10,October,Oct,43,297,23,6,Friday,Fri,4,19924,23
19921024,10/24/1992,199210,Qtr 4,10,October,Oct,43,298,24,7,Saturday,Sat,4,19924,24
19921025,10/25/1992,199210,Qtr 4,10,October,Oct,43,299,25,1,Sunday,Sun,4,19924,25
19921026,10/26/1992,199210,Qtr 4,10,October,Oct,44,300,26,2,Monday,Mon,4,19924,26
19921027,10/27/1992,199210,Qtr 4,10,October,Oct,44,301,27,3,Tuesday,Tue,4,19924,27
19921028,10/28/1992,199210,Qtr 4,10,October,Oct,44,302,28,4,Wednesday,Wed,4,19924,28
19921029,10/29/1992,199210,Qtr 4,10,October,Oct,44,303,29,5,Thursday,Thu,4,19924,29
19921030,10/30/1992,199210,Qtr 4,10,October,Oct,44,304,30,6,Friday,Fri,4,19924,30
19921031,10/31/1992,199210,Qtr 4,10,October,Oct,44,305,31,7,Saturday,Sat,4,19924,31
19921101,11/1/1992,199211,Qtr 4,11,November,Nov,44,306,1,1,Sunday,Sun,4,19924,32
19921102,11/2/1992,199211,Qtr 4,11,November,Nov,45,307,2,2,Monday,Mon,4,19924,33
19921103,11/3/1992,199211,Qtr 4,11,November,Nov,45,308,3,3,Tuesday,Tue,4,19924,34
19921104,11/4/1992,199211,Qtr 4,11,November,Nov,45,309,4,4,Wednesday,Wed,4,19924,35
19921105,11/5/1992,199211,Qtr 4,11,November,Nov,45,310,5,5,Thursday,Thu,4,19924,36
19921106,11/6/1992,199211,Qtr 4,11,November,Nov,45,311,6,6,Friday,Fri,4,19924,37
19921107,11/7/1992,199211,Qtr 4,11,November,Nov,45,312,7,7,Saturday,Sat,4,19924,38
19921108,11/8/1992,199211,Qtr 4,11,November,Nov,45,313,8,1,Sunday,Sun,4,19924,39
19921109,11/9/1992,199211,Qtr 4,11,November,Nov,46,314,9,2,Monday,Mon,4,19924,40
19921110,11/10/1992,199211,Qtr 4,11,November,Nov,46,315,10,3,Tuesday,Tue,4,19924,41
19921111,11/11/1992,199211,Qtr 4,11,November,Nov,46,316,11,4,Wednesday,Wed,4,19924,42
19921112,11/12/1992,199211,Qtr 4,11,November,Nov,46,317,12,5,Thursday,Thu,4,19924,43
19921113,11/13/1992,199211,Qtr 4,11,November,Nov,46,318,13,6,Friday,Fri,4,19924,44
19921114,11/14/1992,199211,Qtr 4,11,November,Nov,46,319,14,7,Saturday,Sat,4,19924,45
19921115,11/15/1992,199211,Qtr 4,11,November,Nov,46,320,15,1,Sunday,Sun,4,19924,46
19921116,11/16/1992,199211,Qtr 4,11,November,Nov,47,321,16,2,Monday,Mon,4,19924,47
19921117,11/17/1992,199211,Qtr 4,11,November,Nov,47,322,17,3,Tuesday,Tue,4,19924,48
19921118,11/18/1992,199211,Qtr 4,11,November,Nov,47,323,18,4,Wednesday,Wed,4,19924,49
19921119,11/19/1992,199211,Qtr 4,11,November,Nov,47,324,19,5,Thursday,Thu,4,19924,50
19921120,11/20/1992,199211,Qtr 4,11,November,Nov,47,325,20,6,Friday,Fri,4,19924,51
19921121,11/21/1992,199211,Qtr 4,11,November,Nov,47,326,21,7,Saturday,Sat,4,19924,52
19921122,11/22/1992,199211,Qtr 4,11,November,Nov,47,327,22,1,Sunday,Sun,4,19924,53
19921123,11/23/1992,199211,Qtr 4,11,November,Nov,48,328,23,2,Monday,Mon,4,19924,54
19921124,11/24/1992,199211,Qtr 4,11,November,Nov,48,329,24,3,Tuesday,Tue,4,19924,55
19921125,11/25/1992,199211,Qtr 4,11,November,Nov,48,330,25,4,Wednesday,Wed,4,19924,56
19921126,11/26/1992,199211,Qtr 4,11,November,Nov,48,331,26,5,Thursday,Thu,4,19924,57
19921127,11/27/1992,199211,Qtr 4,11,November,Nov,48,332,27,6,Friday,Fri,4,19924,58
19921128,11/28/1992,199211,Qtr 4,11,November,Nov,48,333,28,7,Saturday,Sat,4,19924,59
19921129,11/29/1992,199211,Qtr 4,11,November,Nov,48,334,29,1,Sunday,Sun,4,19924,60
19921130,11/30/1992,199211,Qtr 4,11,November,Nov,49,335,30,2,Monday,Mon,4,19924,61
19921201,12/1/1992,199212,Qtr 4,12,December,Dec,49,336,1,3,Tuesday,Tue,4,19924,62
19921202,12/2/1992,199212,Qtr 4,12,December,Dec,49,337,2,4,Wednesday,Wed,4,19924,63
19921203,12/3/1992,199212,Qtr 4,12,December,Dec,49,338,3,5,Thursday,Thu,4,19924,64
19921204,12/4/1992,199212,Qtr 4,12,December,Dec,49,339,4,6,Friday,Fri,4,19924,65
19921205,12/5/1992,199212,Qtr 4,12,December,Dec,49,340,5,7,Saturday,Sat,4,19924,66
19921206,12/6/1992,199212,Qtr 4,12,December,Dec,49,341,6,1,Sunday,Sun,4,19924,67
19921207,12/7/1992,199212,Qtr 4,12,December,Dec,50,342,7,2,Monday,Mon,4,19924,68
19921208,12/8/1992,199212,Qtr 4,12,December,Dec,50,343,8,3,Tuesday,Tue,4,19924,69
19921209,12/9/1992,199212,Qtr 4,12,December,Dec,50,344,9,4,Wednesday,Wed,4,19924,70
19921210,12/10/1992,199212,Qtr 4,12,December,Dec,50,345,10,5,Thursday,Thu,4,19924,71
19921211,12/11/1992,199212,Qtr 4,12,December,Dec,50,346,11,6,Friday,Fri,4,19924,72
19921212,12/12/1992,199212,Qtr 4,12,December,Dec,50,347,12,7,Saturday,Sat,4,19924,73
19921213,12/13/1992,199212,Qtr 4,12,December,Dec,50,348,13,1,Sunday,Sun,4,19924,74
19921214,12/14/1992,199212,Qtr 4,12,December,Dec,51,349,14,2,Monday,Mon,4,19924,75
19921215,12/15/1992,199212,Qtr 4,12,December,Dec,51,350,15,3,Tuesday,Tue,4,19924,76
19921216,12/16/1992,199212,Qtr 4,12,December,Dec,51,351,16,4,Wednesday,Wed,4,19924,77
19921217,12/17/1992,199212,Qtr 4,12,December,Dec,51,352,17,5,Thursday,Thu,4,19924,78
19921218,12/18/1992,199212,Qtr 4,12,December,Dec,51,353,18,6,Friday,Fri,4,19924,79
19921219,12/19/1992,199212,Qtr 4,12,December,Dec,51,354,19,7,Saturday,Sat,4,19924,80
19921220,12/20/1992,199212,Qtr 4,12,December,Dec,51,355,20,1,Sunday,Sun,4,19924,81
19921221,12/21/1992,199212,Qtr 4,12,December,Dec,52,356,21,2,Monday,Mon,4,19924,82
19921222,12/22/1992,199212,Qtr 4,12,December,Dec,52,357,22,3,Tuesday,Tue,4,19924,83
19921223,12/23/1992,199212,Qtr 4,12,December,Dec,52,358,23,4,Wednesday,Wed,4,19924,84
19921224,12/24/1992,199212,Qtr 4,12,December,Dec,52,359,24,5,Thursday,Thu,4,19924,85
19921225,12/25/1992,199212,Qtr 4,12,December,Dec,52,360,25,6,Friday,Fri,4,19924,86
19921226,12/26/1992,199212,Qtr 4,12,December,Dec,52,361,26,7,Saturday,Sat,4,19924,87
19921227,12/27/1992,199212,Qtr 4,12,December,Dec,52,362,27,1,Sunday,Sun,4,19924,88
19921228,12/28/1992,199212,Qtr 4,12,December,Dec,53,363,28,2,Monday,Mon,4,19924,89
19921229,12/29/1992,199212,Qtr 4,12,December,Dec,53,364,29,3,Tuesday,Tue,4,19924,90
19921230,12/30/1992,199212,Qtr 4,12,December,Dec,53,365,30,4,Wednesday,Wed,4,19924,91
19921231,12/31/1992,199212,Qtr 4,12,December,Dec,53,366,31,5,Thursday,Thu,4,19924,92
19930101,1/1/1993,199301,Qtr 1,1,January,Jan,53,1,1,6,Friday,Fri,1,19931,1
19930102,1/2/1993,199301,Qtr 1,1,January,Jan,53,2,2,7,Saturday,Sat,1,19931,2
19930103,1/3/1993,199301,Qtr 1,1,January,Jan,53,3,3,1,Sunday,Sun,1,19931,3
19930104,1/4/1993,199301,Qtr 1,1,January,Jan,1,4,4,2,Monday,Mon,1,19931,4
19930105,1/5/1993,199301,Qtr 1,1,January,Jan,1,5,5,3,Tuesday,Tue,1,19931,5
19930106,1/6/1993,199301,Qtr 1,1,January,Jan,1,6,6,4,Wednesday,Wed,1,19931,6
19930107,1/7/1993,199301,Qtr 1,1,January,Jan,1,7,7,5,Thursday,Thu,1,19931,7
19930108,1/8/1993,199301,Qtr 1,1,January,Jan,1,8,8,6,Friday,Fri,1,19931,8
19930109,1/9/1993,199301,Qtr 1,1,January,Jan,1,9,9,7,Saturday,Sat,1,19931,9
19930110,1/10/1993,199301,Qtr 1,1,January,Jan,1,10,10,1,Sunday,Sun,1,19931,10
19930111,1/11/1993,199301,Qtr 1,1,January,Jan,2,11,11,2,Monday,Mon,1,19931,11
19930112,1/12/1993,199301,Qtr 1,1,January,Jan,2,12,12,3,Tuesday,Tue,1,19931,12
19930113,1/13/1993,199301,Qtr 1,1,January,Jan,2,13,13,4,Wednesday,Wed,1,19931,13
19930114,1/14/1993,199301,Qtr 1,1,January,Jan,2,14,14,5,Thursday,Thu,1,19931,14
19930115,1/15/1993,199301,Qtr 1,1,January,Jan,2,15,15,6,Friday,Fri,1,19931,15
19930116,1/16/1993,199301,Qtr 1,1,January,Jan,2,16,16,7,Saturday,Sat,1,19931,16
19930117,1/17/1993,199301,Qtr 1,1,January,Jan,2,17,17,1,Sunday,Sun,1,19931,17
19930118,1/18/1993,199301,Qtr 1,1,January,Jan,3,18,18,2,Monday,Mon,1,19931,18
19930119,1/19/1993,199301,Qtr 1,1,January,Jan,3,19,19,3,Tuesday,Tue,1,19931,19
19930120,1/20/1993,199301,Qtr 1,1,January,Jan,3,20,20,4,Wednesday,Wed,1,19931,20
19930121,1/21/1993,199301,Qtr 1,1,January,Jan,3,21,21,5,Thursday,Thu,1,19931,21
19930122,1/22/1993,199301,Qtr 1,1,January,Jan,3,22,22,6,Friday,Fri,1,19931,22
19930123,1/23/1993,199301,Qtr 1,1,January,Jan,3,23,23,7,Saturday,Sat,1,19931,23
19930124,1/24/1993,199301,Qtr 1,1,January,Jan,3,24,24,1,Sunday,Sun,1,19931,24
19930125,1/25/1993,199301,Qtr 1,1,January,Jan,4,25,25,2,Monday,Mon,1,19931,25
19930126,1/26/1993,199301,Qtr 1,1,January,Jan,4,26,26,3,Tuesday,Tue,1,19931,26
19930127,1/27/1993,199301,Qtr 1,1,January,Jan,4,27,27,4,Wednesday,Wed,1,19931,27
19930128,1/28/1993,199301,Qtr 1,1,January,Jan,4,28,28,5,Thursday,Thu,1,19931,28
19930129,1/29/1993,199301,Qtr 1,1,January,Jan,4,29,29,6,Friday,Fri,1,19931,29
19930130,1/30/1993,199301,Qtr 1,1,January,Jan,4,30,30,7,Saturday,Sat,1,19931,30
19930131,1/31/1993,199301,Qtr 1,1,January,Jan,4,31,31,1,Sunday,Sun,1,19931,31
19930201,2/1/1993,199302,Qtr 1,2,February,Feb,5,32,1,2,Monday,Mon,1,19931,32
19930202,2/2/1993,199302,Qtr 1,2,February,Feb,5,33,2,3,Tuesday,Tue,1,19931,33
19930203,2/3/1993,199302,Qtr 1,2,February,Feb,5,34,3,4,Wednesday,Wed,1,19931,34
19930204,2/4/1993,199302,Qtr 1,2,February,Feb,5,35,4,5,Thursday,Thu,1,19931,35
19930205,2/5/1993,199302,Qtr 1,2,February,Feb,5,36,5,6,Friday,Fri,1,19931,36
19930206,2/6/1993,199302,Qtr 1,2,February,Feb,5,37,6,7,Saturday,Sat,1,19931,37
19930207,2/7/1993,199302,Qtr 1,2,February,Feb,5,38,7,1,Sunday,Sun,1,19931,38
19930208,2/8/1993,199302,Qtr 1,2,February,Feb,6,39,8,2,Monday,Mon,1,19931,39
19930209,2/9/1993,199302,Qtr 1,2,February,Feb,6,40,9,3,Tuesday,Tue,1,19931,40
19930210,2/10/1993,199302,Qtr 1,2,February,Feb,6,41,10,4,Wednesday,Wed,1,19931,41
19930211,2/11/1993,199302,Qtr 1,2,February,Feb,6,42,11,5,Thursday,Thu,1,19931,42
19930212,2/12/1993,199302,Qtr 1,2,February,Feb,6,43,12,6,Friday,Fri,1,19931,43
19930213,2/13/1993,199302,Qtr 1,2,February,Feb,6,44,13,7,Saturday,Sat,1,19931,44
19930214,2/14/1993,199302,Qtr 1,2,February,Feb,6,45,14,1,Sunday,Sun,1,19931,45
19930215,2/15/1993,199302,Qtr 1,2,February,Feb,7,46,15,2,Monday,Mon,1,19931,46
19930216,2/16/1993,199302,Qtr 1,2,February,Feb,7,47,16,3,Tuesday,Tue,1,19931,47
19930217,2/17/1993,199302,Qtr 1,2,February,Feb,7,48,17,4,Wednesday,Wed,1,19931,48
19930218,2/18/1993,199302,Qtr 1,2,February,Feb,7,49,18,5,Thursday,Thu,1,19931,49
19930219,2/19/1993,199302,Qtr 1,2,February,Feb,7,50,19,6,Friday,Fri,1,19931,50
19930220,2/20/1993,199302,Qtr 1,2,February,Feb,7,51,20,7,Saturday,Sat,1,19931,51
19930221,2/21/1993,199302,Qtr 1,2,February,Feb,7,52,21,1,Sunday,Sun,1,19931,52
19930222,2/22/1993,199302,Qtr 1,2,February,Feb,8,53,22,2,Monday,Mon,1,19931,53
19930223,2/23/1993,199302,Qtr 1,2,February,Feb,8,54,23,3,Tuesday,Tue,1,19931,54
19930224,2/24/1993,199302,Qtr 1,2,February,Feb,8,55,24,4,Wednesday,Wed,1,19931,55
19930225,2/25/1993,199302,Qtr 1,2,February,Feb,8,56,25,5,Thursday,Thu,1,19931,56
19930226,2/26/1993,199302,Qtr 1,2,February,Feb,8,57,26,6,Friday,Fri,1,19931,57
19930227,2/27/1993,199302,Qtr 1,2,February,Feb,8,58,27,7,Saturday,Sat,1,19931,58
19930228,2/28/1993,199302,Qtr 1,2,February,Feb,8,59,28,1,Sunday,Sun,1,19931,59
19930301,3/1/1993,199303,Qtr 1,3,March,Mar,9,60,1,2,Monday,Mon,1,19931,60
19930302,3/2/1993,199303,Qtr 1,3,March,Mar,9,61,2,3,Tuesday,Tue,1,19931,61
19930303,3/3/1993,199303,Qtr 1,3,March,Mar,9,62,3,4,Wednesday,Wed,1,19931,62
19930304,3/4/1993,199303,Qtr 1,3,March,Mar,9,63,4,5,Thursday,Thu,1,19931,63
19930305,3/5/1993,199303,Qtr 1,3,March,Mar,9,64,5,6,Friday,Fri,1,19931,64
19930306,3/6/1993,199303,Qtr 1,3,March,Mar,9,65,6,7,Saturday,Sat,1,19931,65
19930307,3/7/1993,199303,Qtr 1,3,March,Mar,9,66,7,1,Sunday,Sun,1,19931,66
19930308,3/8/1993,199303,Qtr 1,3,March,Mar,10,67,8,2,Monday,Mon,1,19931,67
19930309,3/9/1993,199303,Qtr 1,3,March,Mar,10,68,9,3,Tuesday,Tue,1,19931,68
19930310,3/10/1993,199303,Qtr 1,3,March,Mar,10,69,10,4,Wednesday,Wed,1,19931,69
19930311,3/11/1993,199303,Qtr 1,3,March,Mar,10,70,11,5,Thursday,Thu,1,19931,70
19930312,3/12/1993,199303,Qtr 1,3,March,Mar,10,71,12,6,Friday,Fri,1,19931,71
19930313,3/13/1993,199303,Qtr 1,3,March,Mar,10,72,13,7,Saturday,Sat,1,19931,72
19930314,3/14/1993,199303,Qtr 1,3,March,Mar,10,73,14,1,Sunday,Sun,1,19931,73
19930315,3/15/1993,199303,Qtr 1,3,March,Mar,11,74,15,2,Monday,Mon,1,19931,74
19930316,3/16/1993,199303,Qtr 1,3,March,Mar,11,75,16,3,Tuesday,Tue,1,19931,75
19930317,3/17/1993,199303,Qtr 1,3,March,Mar,11,76,17,4,Wednesday,Wed,1,19931,76
19930318,3/18/1993,199303,Qtr 1,3,March,Mar,11,77,18,5,Thursday,Thu,1,19931,77
19930319,3/19/1993,199303,Qtr 1,3,March,Mar,11,78,19,6,Friday,Fri,1,19931,78
19930320,3/20/1993,199303,Qtr 1,3,March,Mar,11,79,20,7,Saturday,Sat,1,19931,79
19930321,3/21/1993,199303,Qtr 1,3,March,Mar,11,80,21,1,Sunday,Sun,1,19931,80
19930322,3/22/1993,199303,Qtr 1,3,March,Mar,12,81,22,2,Monday,Mon,1,19931,81
19930323,3/23/1993,199303,Qtr 1,3,March,Mar,12,82,23,3,Tuesday,Tue,1,19931,82
19930324,3/24/1993,199303,Qtr 1,3,March,Mar,12,83,24,4,Wednesday,Wed,1,19931,83
19930325,3/25/1993,199303,Qtr 1,3,March,Mar,12,84,25,5,Thursday,Thu,1,19931,84
19930326,3/26/1993,199303,Qtr 1,3,March,Mar,12,85,26,6,Friday,Fri,1,19931,85
19930327,3/27/1993,199303,Qtr 1,3,March,Mar,12,86,27,7,Saturday,Sat,1,19931,86
19930328,3/28/1993,199303,Qtr 1,3,March,Mar,12,87,28,1,Sunday,Sun,1,19931,87
19930329,3/29/1993,199303,Qtr 1,3,March,Mar,13,88,29,2,Monday,Mon,1,19931,88
19930330,3/30/1993,199303,Qtr 1,3,March,Mar,13,89,30,3,Tuesday,Tue,1,19931,89
19930331,3/31/1993,199303,Qtr 1,3,March,Mar,13,90,31,4,Wednesday,Wed,1,19931,90
19930401,4/1/1993,199304,Qtr 2,4,April,Apr,13,91,1,5,Thursday,Thu,2,19932,1
19930402,4/2/1993,199304,Qtr 2,4,April,Apr,13,92,2,6,Friday,Fri,2,19932,2
19930403,4/3/1993,199304,Qtr 2,4,April,Apr,13,93,3,7,Saturday,Sat,2,19932,3
19930404,4/4/1993,199304,Qtr 2,4,April,Apr,13,94,4,1,Sunday,Sun,2,19932,4
19930405,4/5/1993,199304,Qtr 2,4,April,Apr,14,95,5,2,Monday,Mon,2,19932,5
19930406,4/6/1993,199304,Qtr 2,4,April,Apr,14,96,6,3,Tuesday,Tue,2,19932,6
19930407,4/7/1993,199304,Qtr 2,4,April,Apr,14,97,7,4,Wednesday,Wed,2,19932,7
19930408,4/8/1993,199304,Qtr 2,4,April,Apr,14,98,8,5,Thursday,Thu,2,19932,8
19930409,4/9/1993,199304,Qtr 2,4,April,Apr,14,99,9,6,Friday,Fri,2,19932,9
19930410,4/10/1993,199304,Qtr 2,4,April,Apr,14,100,10,7,Saturday,Sat,2,19932,10
19930411,4/11/1993,199304,Qtr 2,4,April,Apr,14,101,11,1,Sunday,Sun,2,19932,11
19930412,4/12/1993,199304,Qtr 2,4,April,Apr,15,102,12,2,Monday,Mon,2,19932,12
19930413,4/13/1993,199304,Qtr 2,4,April,Apr,15,103,13,3,Tuesday,Tue,2,19932,13
19930414,4/14/1993,199304,Qtr 2,4,April,Apr,15,104,14,4,Wednesday,Wed,2,19932,14
19930415,4/15/1993,199304,Qtr 2,4,April,Apr,15,105,15,5,Thursday,Thu,2,19932,15
19930416,4/16/1993,199304,Qtr 2,4,April,Apr,15,106,16,6,Friday,Fri,2,19932,16
19930417,4/17/1993,199304,Qtr 2,4,April,Apr,15,107,17,7,Saturday,Sat,2,19932,17
19930418,4/18/1993,199304,Qtr 2,4,April,Apr,15,108,18,1,Sunday,Sun,2,19932,18
19930419,4/19/1993,199304,Qtr 2,4,April,Apr,16,109,19,2,Monday,Mon,2,19932,19
19930420,4/20/1993,199304,Qtr 2,4,April,Apr,16,110,20,3,Tuesday,Tue,2,19932,20
19930421,4/21/1993,199304,Qtr 2,4,April,Apr,16,111,21,4,Wednesday,Wed,2,19932,21
19930422,4/22/1993,199304,Qtr 2,4,April,Apr,16,112,22,5,Thursday,Thu,2,19932,22
19930423,4/23/1993,199304,Qtr 2,4,April,Apr,16,113,23,6,Friday,Fri,2,19932,23
19930424,4/24/1993,199304,Qtr 2,4,April,Apr,16,114,24,7,Saturday,Sat,2,19932,24
19930425,4/25/1993,199304,Qtr 2,4,April,Apr,16,115,25,1,Sunday,Sun,2,19932,25
19930426,4/26/1993,199304,Qtr 2,4,April,Apr,17,116,26,2,Monday,Mon,2,19932,26
19930427,4/27/1993,199304,Qtr 2,4,April,Apr,17,117,27,3,Tuesday,Tue,2,19932,27
19930428,4/28/1993,199304,Qtr 2,4,April,Apr,17,118,28,4,Wednesday,Wed,2,19932,28
19930429,4/29/1993,199304,Qtr 2,4,April,Apr,17,119,29,5,Thursday,Thu,2,19932,29
19930430,4/30/1993,199304,Qtr 2,4,April,Apr,17,120,30,6,Friday,Fri,2,19932,30
19930501,5/1/1993,199305,Qtr 2,5,May,May,17,121,1,7,Saturday,Sat,2,19932,31
19930502,5/2/1993,199305,Qtr 2,5,May,May,17,122,2,1,Sunday,Sun,2,19932,32
19930503,5/3/1993,199305,Qtr 2,5,May,May,18,123,3,2,Monday,Mon,2,19932,33
19930504,5/4/1993,199305,Qtr 2,5,May,May,18,124,4,3,Tuesday,Tue,2,19932,34
19930505,5/5/1993,199305,Qtr 2,5,May,May,18,125,5,4,Wednesday,Wed,2,19932,35
19930506,5/6/1993,199305,Qtr 2,5,May,May,18,126,6,5,Thursday,Thu,2,19932,36
19930507,5/7/1993,199305,Qtr 2,5,May,May,18,127,7,6,Friday,Fri,2,19932,37
19930508,5/8/1993,199305,Qtr 2,5,May,May,18,128,8,7,Saturday,Sat,2,19932,38
19930509,5/9/1993,199305,Qtr 2,5,May,May,18,129,9,1,Sunday,Sun,2,19932,39
19930510,5/10/1993,199305,Qtr 2,5,May,May,19,130,10,2,Monday,Mon,2,19932,40
19930511,5/11/1993,199305,Qtr 2,5,May,May,19,131,11,3,Tuesday,Tue,2,19932,41
19930512,5/12/1993,199305,Qtr 2,5,May,May,19,132,12,4,Wednesday,Wed,2,19932,42
19930513,5/13/1993,199305,Qtr 2,5,May,May,19,133,13,5,Thursday,Thu,2,19932,43
19930514,5/14/1993,199305,Qtr 2,5,May,May,19,134,14,6,Friday,Fri,2,19932,44
19930515,5/15/1993,199305,Qtr 2,5,May,May,19,135,15,7,Saturday,Sat,2,19932,45
19930516,5/16/1993,199305,Qtr 2,5,May,May,19,136,16,1,Sunday,Sun,2,19932,46
19930517,5/17/1993,199305,Qtr 2,5,May,May,20,137,17,2,Monday,Mon,2,19932,47
19930518,5/18/1993,199305,Qtr 2,5,May,May,20,138,18,3,Tuesday,Tue,2,19932,48
19930519,5/19/1993,199305,Qtr 2,5,May,May,20,139,19,4,Wednesday,Wed,2,19932,49
19930520,5/20/1993,199305,Qtr 2,5,May,May,20,140,20,5,Thursday,Thu,2,19932,50
19930521,5/21/1993,199305,Qtr 2,5,May,May,20,141,21,6,Friday,Fri,2,19932,51
19930522,5/22/1993,199305,Qtr 2,5,May,May,20,142,22,7,Saturday,Sat,2,19932,52
19930523,5/23/1993,199305,Qtr 2,5,May,May,20,143,23,1,Sunday,Sun,2,19932,53
19930524,5/24/1993,199305,Qtr 2,5,May,May,21,144,24,2,Monday,Mon,2,19932,54
19930525,5/25/1993,199305,Qtr 2,5,May,May,21,145,25,3,Tuesday,Tue,2,19932,55
19930526,5/26/1993,199305,Qtr 2,5,May,May,21,146,26,4,Wednesday,Wed,2,19932,56
19930527,5/27/1993,199305,Qtr 2,5,May,May,21,147,27,5,Thursday,Thu,2,19932,57
19930528,5/28/1993,199305,Qtr 2,5,May,May,21,148,28,6,Friday,Fri,2,19932,58
19930529,5/29/1993,199305,Qtr 2,5,May,May,21,149,29,7,Saturday,Sat,2,19932,59
19930530,5/30/1993,199305,Qtr 2,5,May,May,21,150,30,1,Sunday,Sun,2,19932,60
19930531,5/31/1993,199305,Qtr 2,5,May,May,22,151,31,2,Monday,Mon,2,19932,61
19930601,6/1/1993,199306,Qtr 2,6,June,Jun,22,152,1,3,Tuesday,Tue,2,19932,62
19930602,6/2/1993,199306,Qtr 2,6,June,Jun,22,153,2,4,Wednesday,Wed,2,19932,63
19930603,6/3/1993,199306,Qtr 2,6,June,Jun,22,154,3,5,Thursday,Thu,2,19932,64
19930604,6/4/1993,199306,Qtr 2,6,June,Jun,22,155,4,6,Friday,Fri,2,19932,65
19930605,6/5/1993,199306,Qtr 2,6,June,Jun,22,156,5,7,Saturday,Sat,2,19932,66
19930606,6/6/1993,199306,Qtr 2,6,June,Jun,22,157,6,1,Sunday,Sun,2,19932,67
19930607,6/7/1993,199306,Qtr 2,6,June,Jun,23,158,7,2,Monday,Mon,2,19932,68
19930608,6/8/1993,199306,Qtr 2,6,June,Jun,23,159,8,3,Tuesday,Tue,2,19932,69
19930609,6/9/1993,199306,Qtr 2,6,June,Jun,23,160,9,4,Wednesday,Wed,2,19932,70
19930610,6/10/1993,199306,Qtr 2,6,June,Jun,23,161,10,5,Thursday,Thu,2,19932,71
19930611,6/11/1993,199306,Qtr 2,6,June,Jun,23,162,11,6,Friday,Fri,2,19932,72
19930612,6/12/1993,199306,Qtr 2,6,June,Jun,23,163,12,7,Saturday,Sat,2,19932,73
19930613,6/13/1993,199306,Qtr 2,6,June,Jun,23,164,13,1,Sunday,Sun,2,19932,74
19930614,6/14/1993,199306,Qtr 2,6,June,Jun,24,165,14,2,Monday,Mon,2,19932,75
19930615,6/15/1993,199306,Qtr 2,6,June,Jun,24,166,15,3,Tuesday,Tue,2,19932,76
19930616,6/16/1993,199306,Qtr 2,6,June,Jun,24,167,16,4,Wednesday,Wed,2,19932,77
19930617,6/17/1993,199306,Qtr 2,6,June,Jun,24,168,17,5,Thursday,Thu,2,19932,78
19930618,6/18/1993,199306,Qtr 2,6,June,Jun,24,169,18,6,Friday,Fri,2,19932,79
19930619,6/19/1993,199306,Qtr 2,6,June,Jun,24,170,19,7,Saturday,Sat,2,19932,80
19930620,6/20/1993,199306,Qtr 2,6,June,Jun,24,171,20,1,Sunday,Sun,2,19932,81
19930621,6/21/1993,199306,Qtr 2,6,June,Jun,25,172,21,2,Monday,Mon,2,19932,82
19930622,6/22/1993,199306,Qtr 2,6,June,Jun,25,173,22,3,Tuesday,Tue,2,19932,83
19930623,6/23/1993,199306,Qtr 2,6,June,Jun,25,174,23,4,Wednesday,Wed,2,19932,84
19930624,6/24/1993,199306,Qtr 2,6,June,Jun,25,175,24,5,Thursday,Thu,2,19932,85
19930625,6/25/1993,199306,Qtr 2,6,June,Jun,25,176,25,6,Friday,Fri,2,19932,86
19930626,6/26/1993,199306,Qtr 2,6,June,Jun,25,177,26,7,Saturday,Sat,2,19932,87
19930627,6/27/1993,199306,Qtr 2,6,June,Jun,25,178,27,1,Sunday,Sun,2,19932,88
19930628,6/28/1993,199306,Qtr 2,6,June,Jun,26,179,28,2,Monday,Mon,2,19932,89
19930629,6/29/1993,199306,Qtr 2,6,June,Jun,26,180,29,3,Tuesday,Tue,2,19932,90
19930630,6/30/1993,199306,Qtr 2,6,June,Jun,26,181,30,4,Wednesday,Wed,2,19932,91
19930701,7/1/1993,199307,Qtr 3,7,July,Jul,26,182,1,5,Thursday,Thu,3,19933,1
19930702,7/2/1993,199307,Qtr 3,7,July,Jul,26,183,2,6,Friday,Fri,3,19933,2
19930703,7/3/1993,199307,Qtr 3,7,July,Jul,26,184,3,7,Saturday,Sat,3,19933,3
19930704,7/4/1993,199307,Qtr 3,7,July,Jul,26,185,4,1,Sunday,Sun,3,19933,4
19930705,7/5/1993,199307,Qtr 3,7,July,Jul,27,186,5,2,Monday,Mon,3,19933,5
19930706,7/6/1993,199307,Qtr 3,7,July,Jul,27,187,6,3,Tuesday,Tue,3,19933,6
19930707,7/7/1993,199307,Qtr 3,7,July,Jul,27,188,7,4,Wednesday,Wed,3,19933,7
19930708,7/8/1993,199307,Qtr 3,7,July,Jul,27,189,8,5,Thursday,Thu,3,19933,8
19930709,7/9/1993,199307,Qtr 3,7,July,Jul,27,190,9,6,Friday,Fri,3,19933,9
19930710,7/10/1993,199307,Qtr 3,7,July,Jul,27,191,10,7,Saturday,Sat,3,19933,10
19930711,7/11/1993,199307,Qtr 3,7,July,Jul,27,192,11,1,Sunday,Sun,3,19933,11
19930712,7/12/1993,199307,Qtr 3,7,July,Jul,28,193,12,2,Monday,Mon,3,19933,12
19930713,7/13/1993,199307,Qtr 3,7,July,Jul,28,194,13,3,Tuesday,Tue,3,19933,13
19930714,7/14/1993,199307,Qtr 3,7,July,Jul,28,195,14,4,Wednesday,Wed,3,19933,14
19930715,7/15/1993,199307,Qtr 3,7,July,Jul,28,196,15,5,Thursday,Thu,3,19933,15
19930716,7/16/1993,199307,Qtr 3,7,July,Jul,28,197,16,6,Friday,Fri,3,19933,16
19930717,7/17/1993,199307,Qtr 3,7,July,Jul,28,198,17,7,Saturday,Sat,3,19933,17
19930718,7/18/1993,199307,Qtr 3,7,July,Jul,28,199,18,1,Sunday,Sun,3,19933,18
19930719,7/19/1993,199307,Qtr 3,7,July,Jul,29,200,19,2,Monday,Mon,3,19933,19
19930720,7/20/1993,199307,Qtr 3,7,July,Jul,29,201,20,3,Tuesday,Tue,3,19933,20
19930721,7/21/1993,199307,Qtr 3,7,July,Jul,29,202,21,4,Wednesday,Wed,3,19933,21
19930722,7/22/1993,199307,Qtr 3,7,July,Jul,29,203,22,5,Thursday,Thu,3,19933,22
19930723,7/23/1993,199307,Qtr 3,7,July,Jul,29,204,23,6,Friday,Fri,3,19933,23
19930724,7/24/1993,199307,Qtr 3,7,July,Jul,29,205,24,7,Saturday,Sat,3,19933,24
19930725,7/25/1993,199307,Qtr 3,7,July,Jul,29,206,25,1,Sunday,Sun,3,19933,25
19930726,7/26/1993,199307,Qtr 3,7,July,Jul,30,207,26,2,Monday,Mon,3,19933,26
19930727,7/27/1993,199307,Qtr 3,7,July,Jul,30,208,27,3,Tuesday,Tue,3,19933,27
19930728,7/28/1993,199307,Qtr 3,7,July,Jul,30,209,28,4,Wednesday,Wed,3,19933,28
19930729,7/29/1993,199307,Qtr 3,7,July,Jul,30,210,29,5,Thursday,Thu,3,19933,29
19930730,7/30/1993,199307,Qtr 3,7,July,Jul,30,211,30,6,Friday,Fri,3,19933,30
19930731,7/31/1993,199307,Qtr 3,7,July,Jul,30,212,31,7,Saturday,Sat,3,19933,31
19930801,8/1/1993,199308,Qtr 3,8,August,Aug,30,213,1,1,Sunday,Sun,3,19933,32
19930802,8/2/1993,199308,Qtr 3,8,August,Aug,31,214,2,2,Monday,Mon,3,19933,33
19930803,8/3/1993,199308,Qtr 3,8,August,Aug,31,215,3,3,Tuesday,Tue,3,19933,34
19930804,8/4/1993,199308,Qtr 3,8,August,Aug,31,216,4,4,Wednesday,Wed,3,19933,35
19930805,8/5/1993,199308,Qtr 3,8,August,Aug,31,217,5,5,Thursday,Thu,3,19933,36
19930806,8/6/1993,199308,Qtr 3,8,August,Aug,31,218,6,6,Friday,Fri,3,19933,37
19930807,8/7/1993,199308,Qtr 3,8,August,Aug,31,219,7,7,Saturday,Sat,3,19933,38
19930808,8/8/1993,199308,Qtr 3,8,August,Aug,31,220,8,1,Sunday,Sun,3,19933,39
19930809,8/9/1993,199308,Qtr 3,8,August,Aug,32,221,9,2,Monday,Mon,3,19933,40
19930810,8/10/1993,199308,Qtr 3,8,August,Aug,32,222,10,3,Tuesday,Tue,3,19933,41
19930811,8/11/1993,199308,Qtr 3,8,August,Aug,32,223,11,4,Wednesday,Wed,3,19933,42
19930812,8/12/1993,199308,Qtr 3,8,August,Aug,32,224,12,5,Thursday,Thu,3,19933,43
19930813,8/13/1993,199308,Qtr 3,8,August,Aug,32,225,13,6,Friday,Fri,3,19933,44
19930814,8/14/1993,199308,Qtr 3,8,August,Aug,32,226,14,7,Saturday,Sat,3,19933,45
19930815,8/15/1993,199308,Qtr 3,8,August,Aug,32,227,15,1,Sunday,Sun,3,19933,46
19930816,8/16/1993,199308,Qtr 3,8,August,Aug,33,228,16,2,Monday,Mon,3,19933,47
19930817,8/17/1993,199308,Qtr 3,8,August,Aug,33,229,17,3,Tuesday,Tue,3,19933,48
19930818,8/18/1993,199308,Qtr 3,8,August,Aug,33,230,18,4,Wednesday,Wed,3,19933,49
19930819,8/19/1993,199308,Qtr 3,8,August,Aug,33,231,19,5,Thursday,Thu,3,19933,50
19930820,8/20/1993,199308,Qtr 3,8,August,Aug,33,232,20,6,Friday,Fri,3,19933,51
19930821,8/21/1993,199308,Qtr 3,8,August,Aug,33,233,21,7,Saturday,Sat,3,19933,52
19930822,8/22/1993,199308,Qtr 3,8,August,Aug,33,234,22,1,Sunday,Sun,3,19933,53
19930823,8/23/1993,199308,Qtr 3,8,August,Aug,34,235,23,2,Monday,Mon,3,19933,54
19930824,8/24/1993,199308,Qtr 3,8,August,Aug,34,236,24,3,Tuesday,Tue,3,19933,55
19930825,8/25/1993,199308,Qtr 3,8,August,Aug,34,237,25,4,Wednesday,Wed,3,19933,56
19930826,8/26/1993,199308,Qtr 3,8,August,Aug,34,238,26,5,Thursday,Thu,3,19933,57
19930827,8/27/1993,199308,Qtr 3,8,August,Aug,34,239,27,6,Friday,Fri,3,19933,58
19930828,8/28/1993,199308,Qtr 3,8,August,Aug,34,240,28,7,Saturday,Sat,3,19933,59
19930829,8/29/1993,199308,Qtr 3,8,August,Aug,34,241,29,1,Sunday,Sun,3,19933,60
19930830,8/30/1993,199308,Qtr 3,8,August,Aug,35,242,30,2,Monday,Mon,3,19933,61
19930831,8/31/1993,199308,Qtr 3,8,August,Aug,35,243,31,3,Tuesday,Tue,3,19933,62
19930901,9/1/1993,199309,Qtr 3,9,September,Sep,35,244,1,4,Wednesday,Wed,3,19933,63
19930902,9/2/1993,199309,Qtr 3,9,September,Sep,35,245,2,5,Thursday,Thu,3,19933,64
19930903,9/3/1993,199309,Qtr 3,9,September,Sep,35,246,3,6,Friday,Fri,3,19933,65
19930904,9/4/1993,199309,Qtr 3,9,September,Sep,35,247,4,7,Saturday,Sat,3,19933,66
19930905,9/5/1993,199309,Qtr 3,9,September,Sep,35,248,5,1,Sunday,Sun,3,19933,67
19930906,9/6/1993,199309,Qtr 3,9,September,Sep,36,249,6,2,Monday,Mon,3,19933,68
19930907,9/7/1993,199309,Qtr 3,9,September,Sep,36,250,7,3,Tuesday,Tue,3,19933,69
19930908,9/8/1993,199309,Qtr 3,9,September,Sep,36,251,8,4,Wednesday,Wed,3,19933,70
19930909,9/9/1993,199309,Qtr 3,9,September,Sep,36,252,9,5,Thursday,Thu,3,19933,71
19930910,9/10/1993,199309,Qtr 3,9,September,Sep,36,253,10,6,Friday,Fri,3,19933,72
19930911,9/11/1993,199309,Qtr 3,9,September,Sep,36,254,11,7,Saturday,Sat,3,19933,73
19930912,9/12/1993,199309,Qtr 3,9,September,Sep,36,255,12,1,Sunday,Sun,3,19933,74
19930913,9/13/1993,199309,Qtr 3,9,September,Sep,37,256,13,2,Monday,Mon,3,19933,75
19930914,9/14/1993,199309,Qtr 3,9,September,Sep,37,257,14,3,Tuesday,Tue,3,19933,76
19930915,9/15/1993,199309,Qtr 3,9,September,Sep,37,258,15,4,Wednesday,Wed,3,19933,77
19930916,9/16/1993,199309,Qtr 3,9,September,Sep,37,259,16,5,Thursday,Thu,3,19933,78
19930917,9/17/1993,199309,Qtr 3,9,September,Sep,37,260,17,6,Friday,Fri,3,19933,79
19930918,9/18/1993,199309,Qtr 3,9,September,Sep,37,261,18,7,Saturday,Sat,3,19933,80
19930919,9/19/1993,199309,Qtr 3,9,September,Sep,37,262,19,1,Sunday,Sun,3,19933,81
19930920,9/20/1993,199309,Qtr 3,9,September,Sep,38,263,20,2,Monday,Mon,3,19933,82
19930921,9/21/1993,199309,Qtr 3,9,September,Sep,38,264,21,3,Tuesday,Tue,3,19933,83
19930922,9/22/1993,199309,Qtr 3,9,September,Sep,38,265,22,4,Wednesday,Wed,3,19933,84
19930923,9/23/1993,199309,Qtr 3,9,September,Sep,38,266,23,5,Thursday,Thu,3,19933,85
19930924,9/24/1993,199309,Qtr 3,9,September,Sep,38,267,24,6,Friday,Fri,3,19933,86
19930925,9/25/1993,199309,Qtr 3,9,September,Sep,38,268,25,7,Saturday,Sat,3,19933,87
19930926,9/26/1993,199309,Qtr 3,9,September,Sep,38,269,26,1,Sunday,Sun,3,19933,88 